p_id,sequence
4bgx,-DQICIGYHANNSTEQVDTIMEKNVTVTHAQDILEKTHNGKLCDLDGVKPLILRDCSVAGWLLGNPMCDEFINVPEWSYIVEKANPVNDLCYPGDFNDYEELKHLLSRINHFEKIQIIPK-SSW-SSHEASLGVSSACPY-QGKSSFFRNVVWLIKKNS--TYPTIKRSYNNTNQEDLLVLWGIHHPNDAAEQTKLYQNPTTYISVGTSTLNQRLVPRIATRSKVNGQSGRMEFFWTILKPNDAINFESNGNFIAPEYAYKIV-KKGDSTIMKSELEY-GNCNTKCQTPMGAINSSMPFHNIHPLTIGECPKYVKSNRLVLATGLRNSP--
4bgy,-DQICIGYHANNSTEQVDTIMEKNVTVTHAQDILEKTHNGKLCDLDGVKPLILRDCSVAGWLLGNPMCDEFINVPEWSYIVEKANPVNDLCYPGDFNDYEELKHLLSRINHFEKIQIIPK-SSW-SSHEASLGVSSACPY-QGKSSFFRNVVWLIKKNS--TYPTIKRSYNNTNQEDLLVLWGIHHPNDAAEQTKLYQNPTTYISVGTSTLNQRLVPRIATRSKVNGQSGRMEFFWTILKPNDAINFESNGNFIAPEYAYKIV-KKGDSTIMKSELEY-GNCNTKCQTPMGAINSSMPFHNIHPLTIGECPKYVKSNRLVLATGLRNSP--
4bgw,-DQICIGYHANNSTEQVDTIMEKNVTVTHAQDILEKTHNGKLCDLDGVKPLILRDCSVAGWLLGNPMCDEFINVPEWSYIVEKANPVNDLCYPGDFNDYEELKHLLSRINHFEKIQIIPK-SSW-SSHEASLGVSSACPY-QGKSSFFRNVVWLIKKNS--TYPTIKRSYNNTNQEDLLVLWGIHHPNDAAEQTKLYQNPTTYISVGTSTLNQRLVPRIATRSKVNGQSGRMEFFWTILKPNDAINFESNGNFIAPEYAYKIV-KKGDSTIMKSELEY-GNCNTKCQTPMGAINSSMPFHNIHPLTIGECPKYVKSNRLVLATGLRNSP--
3znm,-DQICIGYHANNSTEQVDTIMEKNVTVTHAQDILEKTHNGKLCDLDGVKPLILRDCSVAGWLLGNPMCDEFINVPEWSYIVEKANPVNDLCYPGDFNDYEELKHLLSRINHFEKIQIIPK-SSW-SSHEASLGVSSACPY-QGKSSFFRNVVWLIKKNS--TYPTIKRSYNNTNQEDLLVLWGIHHPNDAAEQTKLYQNPTTYISVGTSTLNQRLVPRIATRSKVNGQSGRMEFFWTILKPNDAINFESNGNFIAPEYAYKIV-KKGDSTIMKSELEY-GNCNTKCQTPMGAINSSMPFHNIHPLTIGECPKYVKSNRLVLATGLRNSP--
3znl,-DQICIGYHANNSTEQVDTIMEKNVTVTHAQDILEKTHNGKLCDLDGVKPLILRDCSVAGWLLGNPMCDEFINVPEWSYIVEKANPVNDLCYPGDFNDYEELKHLLSRINHFEKIQIIPK-SSW-SSHEASLGVSSACPY-QGKSSFFRNVVWLIKKNS--TYPTIKRSYNNTNQEDLLVLWGIHHPNDAAEQTKLYQNPTTYISVGTSTLNQRLVPRIATRSKVNGQSGRMEFFWTILKPNDAINFESNGNFIAPEYAYKIV-KKGDSTIMKSELEY-GNCNTKCQTPMGAINSSMPFHNIHPLTIGECPKYVKSNRLVLATGLRNSP--
3znk,-DQICIGYHANNSTEQVDTIMEKNVTVTHAQDILEKTHNGKLCDLDGVKPLILRDCSVAGWLLGNPMCDEFINVPEWSYIVEKANPVNDLCYPGDFNDYEELKHLLSRINHFEKIQIIPK-SSW-SSHEASLGVSSACPY-QGKSSFFRNVVWLIKKNS--TYPTIKRSYNNTNQEDLLVLWGIHHPNDAAEQTKLYQNPTTYISVGTSTLNQRLVPRIATRSKVNGQSGRMEFFWTILKPNDAINFESNGNFIAPEYAYKIV-KKGDSTIMKSELEY-GNCNTKCQTPMGAINSSMPFHNIHPLTIGECPKYVKSNRLVLATGLRNSP--
2ibx,-DQICIGYHANNSTEQVDTIMEKNVTVTHAQDILEKTHNGKLCDLDGVKPLILRDCSVAGWLLGNPMCDEFINVPEWSYIVEKANPVNDLCYPGDFNDYEELKHLLSRINHFEKIQIIPK-SSW-SSHEASLGVSSACPY-QGKSSFFRNVVWLIKKNS--TYPTIKRSYNNTNQEDLLVLWGIHHPNDAAEQTKLYQNPTTYISVGTSTLNQRLVPRIATRSKVNGQSGRMEFFWTILKPNDAINFESNGNFIAPEYAYKIV-KKGDSTIMKSELEY-GNCNTKCQTPMGAINSSMPFHNIHPLTIGECPKYVKSNRLVLATGLRNSP--
4cqp,-DQICIGYHANNSTEQVDTIMEKNVTVTHAQDILEKTHNGKLCDLDGVKPLILRDCSVAGWLLGNPMCDEFINVPEWSYIVEKANPVNDLCYPGDFNDYEELKHLLSRINHFEKIQIIPK-SSW-SSHEASLGVSSACPY-QGKSSFFRNVVWLIKKNS--TYPTIKRSYNNTNQEDLLVLWGIHHPNDAAEQTKLYRNPTTYISVGTSTLNQRLVPRIATRSKVNGQNGRMEFFWTILKPNDAINFESNGNFIAPEYAYKIV-KKGDSTIMKSELEY-GNCNTKCQTPMGAINSSMPFHNIHPLTIGECPKYVKSNRLVLATGLRNSP--
4cqq,-DQICIGYHANNSTEQVDTIMEKNVTVTHAQDILEKTHNGKLCDLDGVKPLILRDCSVAGWLLGNPMCDEFINVPEWSYIVEKANPVNDLCYPGDFNDYEELKHLLSRINHFEKIQIIPK-SSW-SSHEASLGVSSACPY-QGKSSFFRNVVWLIKKNS--TYPTIKRSYNNTNQEDLLVLWGIHHPNDAAEQTKLYRNPTTYISVGTSTLNQRLVPRIATRSKVNGQNGRMEFFWTILKPNDAINFESNGNFIAPEYAYKIV-KKGDSTIMKSELEY-GNCNTKCQTPMGAINSSMPFHNIHPLTIGECPKYVKSNRLVLATGLRNSP--
4cqr,-DQICIGYHANNSTEQVDTIMEKNVTVTHAQDILEKTHNGKLCDLDGVKPLILRDCSVAGWLLGNPMCDEFINVPEWSYIVEKANPVNDLCYPGDFNDYEELKHLLSRINHFEKIQIIPK-SSW-SSHEASLGVSSACPY-QGKSSFFRNVVWLIKKNS--TYPTIKRSYNNTNQEDLLVLWGIHHPNDAAEQTKLYRNPTTYISVGTSTLNQRLVPRIATRSKVNGQNGRMEFFWTILKPNDAINFESNGNFIAPEYAYKIV-KKGDSTIMKSELEY-GNCNTKCQTPMGAINSSMPFHNIHPLTIGECPKYVKSNRLVLATGLRNSP--
4cqt,-DQICIGYHANNSTEQVDTIMEKNVTVTHAQDILEKTHNGKLCDLDGVKPLILRDCSVAGWLLGNPMCDEFINVPEWSYIVEKANPVNDLCYPGDFNDYEELKHLLSRINHFEKIQIIPK-SSW-SSHEASLGVSSACPY-QGKSSFFRNVVWLIKKNS--TYPTIKRSYNNTNQEDLLVLWGIHHPNDAAEQTKLYRNPTTYISVGTSTLNQRLVPRIATRSKVNGQNGRMEFFWTILKPNDAINFESNGNFIAPEYAYKIV-KKGDSTIMKSELEY-GNCNTKCQTPMGAINSSMPFHNIHPLTIGECPKYVKSNRLVLATGLRNSP--
4cqz,-DQICIGYHANNSTEQVDTIMEKNVTVTHAQDILEKTHNGKLCDLDGVKPLILRDCSVAGWLLGNPMCDEFINVPEWSYIVEKANPVNDLCYPGDFNDYEELKHLLSRINHFEKIQIIPK-SSW-SSHEASLGVSSACPY-QGKSSFFRNVVWLIKKNS--TYPTIKRSYNNTNQEDLLVLWGIHHPNDAAEQTKLYRNPTTYISVGTSTLNQRLVPRIATRSKVNGQSGRMEFFWTILKPNDAINFESNGNFIAPEYAYKIV-KKGDSTIMKSELEY-GNCNTKCQTPMGAINSSMPFHNIHPLTIGECPKYVKSNRLVLATGLRNSP--
4cqs,-DQICIGYHANNSTEQVDTIMEKNVTVTHAQDILEKTHNGKLCDLDGVKPLILRDCSVAGWLLGNPMCDEFINVPEWSYIVEKANPVNDLCYPGDFNDYEELKHLLSRINHFEKIQIIPK-SSW-SSHEASLGVSSACPY-QGKSSFFRNVVWLIKKNS--TYPTIKRSYNNTNQEDLLVLWGIHHPKDAAEQTKLYQNPTTYISVGTSTLNQRLVPRIATRSKVNGQSGRMEFFWTILKPNDAINFESNGNFIAPEYAYKIV-KKGDSTIMKSELEY-GNCNTKCQTPMGAINSSMPFHNIHPLTIGECPKYVKSNRLVLATGLRNSP--
4cqu,-DQICIGYHANNSTEQVDTIMEKNVTVTHAQDILEKTHNGKLCDLDGVKPLILRDCSVAGWLLGNPMCDEFINVPEWSYIVEKANPVNDLCYPGDFNDYEELKHLLSRINHFEKIQIIPK-SSW-SSHEASLGVSSACPY-QGKSSFFRNVVWLIKKNS--TYPTIKRSYNNTNQEDLLVLWGIHHPKDAAEQTKLYQNPTTYISVGTSTLNQRLVPRIATRSKVNGQSGRMEFFWTILKPNDAINFESNGNFIAPEYAYKIV-KKGDSTIMKSELEY-GNCNTKCQTPMGAINSSMPFHNIHPLTIGECPKYVKSNRLVLATGLRNSP--
4cr0,-DQICIGYHANNSTEQVDTIMEKNVTVTHAQDILEKTHNGKLCDLDGVKPLILRDCSVAGWLLGNPMCDEFINVPEWSYIVEKANPVNDLCYPGDFNDYEELKHLLSRINHFEKIQIIPK-SSW-SSHEASLGVSSACPY-QRKSSFFRNVVWLIKKNS--TYPTIKRSYNNTNQEDLLVLWGIHHPKDAAEQTKLYQNPTTYISVGTSTLNQRLVPRIATRSKVNGQSGRMEFFWTILKPNDAINFESNGNFIAPEYAYKIV-KKGDSTIMKSELEY-GNCNTKCQTPMGAINSSMPFHNIHPLTIGECPKYVKSNRLVLATGLRNSP--
2fk0,GDQICIGYHANNSTEQVDTIMEKNVTVTHAQDILEKKHNGKLCDLDGVKPLILRDCSVAGWLLGNPMCDEFINVPEWSYIVEKANPVNDLCYPGDFNDYEELKHLLSRINHFEKIQIIPK-SSW-SSHEASLGVSSACPY-QGKSSFFRNVVWLIKKNS--TYPTIKRSYNNTNQEDLLVLWGIHHPNDAAEQTKLYQNPTTYISVGTSTLNQRLVPRIATRSKVNGQSGRMEFFWTILKPNDAINFESNGNFIAPEYAYKIV-KKGDSTIMKSELEY-GNCNTKCQTPMGAINSSMPFHNIHPLTIGECPKYVKSNRLVLATGLRNSP--
4fqi,GDQICIGYHANNSTEQVDTIMEKNVTVTHAQDILEKKHNGKLCDLDGVKPLILRDCSVAGWLLGNPMCDEFINVPEWSYIVEKANPVNDLCYPGDFNDYEELKHLLSRINHFEKIQIIPK-SSW-SSHEASLGVSSACPY-QGKSSFFRNVVWLIKKNS--TYPTIKRSYNNTNQEDLLVLWGIHHPNDAAEQTKLYQNPTTYISVGTSTLNQRLVPRIATRSKVNGQSGRMEFFWTILKPNDAINFESNGNFIAPEYAYKIV-KKGDSTIMKSELEY-GNCNTKCQTPMGAINSSMPFHNIHPLTIGECPKYVKSNRLVLATGLRNSP--
3gbm,GDQICIGYHANNSTEQVDTIMEKNVTVTHAQDILEKKHNGKLCDLDGVKPLILRDCSVAGWLLGNPMCDEFINVPEWSYIVEKANPVNDLCYPGDFNDYEELKHLLSRINHFEKIQIIPK-SSW-SSHEASLGVSSACPY-QGKSSFFRNVVWLIKKNS--TYPTIKRSYNNTNQEDLLVLWGIHHPNDAAEQTKLYQNPTTYISVGTSTLNQRLVPRIATRSKVNGQSGRMEFFWTILKPNDAINFESNGNFIAPEYAYKIV-KKGDSTIMKSELEY-GNCNTKCQTPMGAINSSMPFHNIHPLTIGECPKYVKSNRLVLATGLRNSP--
3fku,EDQICIGYHANNSTEQVDTIMEKNVTVTHAQDILEKKHNGKLCDLDGVKPLILRDCSVAGWLLGNPMCDEFINVPEWSYIVEKANPVNDLCYPGDFNDYEELKHLLSRINHFEKIQIIPK-SSW-SSHEASLGVSSACPY-QGKSSFFRNVVWLIKKNS--TYPTIKRSYNNTNQEDLLVLWGIHHPNDAAEQTKLYQNPTTYISVGTSTLNQRLVPRIATRSKVNGQSGRMEFFWTILKPNDAINFESNGNFIAPEYAYKIV-KKGDSTIMKSELEY-GNCNTKCQTPMGAINSSMPFHNIHPLTIGECPKYVKSNRLVLATGLRNSP--
3zp0,-DQICIGYHANNSTEQVDTIMEKNVTVTHAQDILEKKHNGKLCDLDGVKPLILRDCSVAGWLLGNPMCDEFINVPEWSYIVEKANPVNDLCYPGDFNDYEELKHLLSRINHFEKIQIIPK-SSW-SSHEASLGVSSACPY-QGKSSFFRNVVWLIKKNS--TYPTIKRSYNNTNQEDLLVLWGIHHPNDAAEQTKLYQNPTTYISVGTSTLNQRLVPRIATRSKVNGQSGRMEFFWTILKPNDAINFESNGNFIAPEYAYKIV-KKGDSTIMKSELEY-GNCNTKCQTPMGAINSSMPFHNIHPLTIGECPKYVKSNRLVLATGLRNSP--
3zp1,-DQICIGYHANNSTEQVDTIMEKNVTVTHAQDILEKKHNGKLCDLDGVKPLILRDCSVAGWLLGNPMCDEFINVPEWSYIVEKANPVNDLCYPGDFNDYEELKHLLSRINHFEKIQIIPK-SSW-SSHEASLGVSSACPY-QGKSSFFRNVVWLIKKNS--TYPTIKRSYNNTNQEDLLVLWGIHHPNDAAEQTKLYQNPTTYISVGTSTLNQRLVPRIATRSKVNGQSGRMEFFWTILKPNDAINFESNGNFIAPEYAYKIV-KKGDSTIMKSELEY-GNCNTKCQTPMGAINSSMPFHNIHPLTIGECPKYVKSNRLVLATGLRNSP--
3zp6,-DQICIGYHANNSTEQVDTIMEKNVTVTHAQDILEKKHNGKLCDLDGVKPLILRDCSVAGWLLGNPMCDEFINVPEWSYIVEKANPVNDLCYPGDFNDYEELKHLLSRINHFEKIQIIPK-SSW-SSHEASLGVSSACPY-QGKSSFFRNVVWLIKKNS--TYPTIKRSYNNTNQEDLLVLWGIHHPNDAADQTKLYQNPTTYISVGTSTLNQRLVPRIATRSKVNGQSGRMEFFWTILKPNDAINFESNGNFIAPEYAYKIV-KKGDSTIMKSELEY-GNCNTKCQTPMGAINSSMPFHNIHPLTIGECPKYVKSNRLVLATGLRNSP--
3zpb,-DQICIGYHANNSTEQVDTIMEKNVTVTHAQDILEKKHNGKLCDLDGVKPLILRDCSVAGWLLGNPMCDEFINVPEWSYIVEKANPVNDLCYPGDFNDYEELKHLLSRINHFEKIQIIPK-SSW-SSHEASLGVSSACPY-QGKSSFFRNVVWLIKKNS--TYPTIKRSYNNTNQEDLLVLWGIHHPNDAADQTKLYQNPTTYISVGTSTLNQRLVPRIATRSKVNGQSGRMEFFWTILKPNDAINFESNGNFIAPEYAYKIV-KKGDSTIMKSELEY-GNCNTKCQTPMGAINSSMPFHNIHPLTIGECPKYVKSNRLVLATGLRNSP--
3zp2,-DQICIGYHANNSTEQVDTIMEKNVTVTHAQDILEKKHNGKLCDLDGVKPLILRDCSVAGWLLGNPMCDEFINVPEWSYIVEKANPVNDLCYPGDFNDYEELKHLLSRINHFEKIQIIPK-SSW-SSHEASLGVSSVCPY-QGKSSFFRNVVWLIKKNS--TYPTIKRSYNNTNQEDLLVLWGIHHPNDAAEQTKLYQNPTTYISVGTSTLNQRLVPRIATRSKVNGQSGRMEFFWTILKPNDAINFESNGNFIAPEYAYKIV-KKGDSTIMKSELEY-GNCNTKCQTPMGAINSSMPFHNIHPLTIGECPKYVKSNRLVLATGLRNSP--
3zp3,-DQICIGYHANNSTEQVDTIMEKNVTVTHAQDILEKKHNGKLCDLDGVKPLILRDCSVAGWLLGNPMCDEFINVPEWSYIVEKANPVNDLCYPGDFNDYEELKHLLSRINHFEKIQIIPK-SSW-SSHEASLGVSSVCPY-QGKSSFFRNVVWLIKKNS--TYPTIKRSYNNTNQEDLLVLWGIHHPNDAAEQTKLYQNPTTYISVGTSTLNQRLVPRIATRSKVNGQSGRMEFFWTILKPNDAINFESNGNFIAPEYAYKIV-KKGDSTIMKSELEY-GNCNTKCQTPMGAINSSMPFHNIHPLTIGECPKYVKSNRLVLATGLRNSP--
4bh2,-DQICIGYHANNSTEQVDTIMEKNVTVTHAQDILEKKHNGKLCDLDGVKPLILRDCSVAGWLLGNPMCDEFINVPEWSYIVEKANPVNDLCYPGDFNDYEELKHLLSRINHFEKIQIIPK-SSW-SSHEASLGVSSACPY-QGKSSFFRNVVWLIKKDS--TYPTIKRSYNNTNQEDLLVLWGIHHPNDAAEQTKLYQNPTTYISVGTSTLNQRLVPRIATRSKVKGLSGRMEFFWTILKPNDAINFESNGNFIAPEYAYKIV-KKGDSTIMKSELEY-GNCNTKCQTPMGAINSSMPFHNIHPLTIGECPKYVKSNRLVLAIGLRNSP--
4n5z,GDQICIGYHANNSTEQVDTIMEKNVTVTHAQDILEKKHNGKLCDLDGVKPLILRDCSVAGWLLGNPMCDEFINVPEWSYIVEKANPVNDLCYPGDFNDYEELKHLLSRINHFEKIQIIPK-SSW-SSHEASLGVSSACPY-QGKSSFFRNVVWLIKKDS--TYPTIKRSYNNTNQEDLLVLWGIHHPNDAAEQTKLYQNPTTYISVGTSTLNQRLVPRIATRSKVKGLSGRMEFFWTILKPNDAINFESNGNFIAPEYAYKIV-KKGDSTIMKSELEY-GNCNTKCQTPMGAINSSMPFHNIHPLTIGECPKYVKSNRLVLAIGLRNSP--
4bh3,-DQICIGYHANNSTEQVDTIMEKNVTVTHAQDILEKKHNGKLCDLDGVKPLILRDCSVAGWLLGNPMCDEFINVPEWSYIVEKANPVNDLCYPGDFNDYEELKHLLSRINHFEKIQIIPK-SSW-SSHEASLGVSSACPY-QGKSSFFRNVVWLIKKDS--TYPTIKRSYNNTNQEDLLVLWGIHHPNDAAEQTKLYQNPTTYISVGTSTLNQRLVPRIATRSKVKGLSGRMEFFWTILKPNDAINFESNGNFIAPEYAYKIV-KKGDSTIMKSELEY-GNCNTKCQTPMGAINSSMPFHNIHPLTIGECPKYVKSNRLVLAIGLRNSP--
4bh4,-DQICIGYHANNSTEQVDTIMEKNVTVTHAQDILEKKHNGKLCDLDGVKPLILRDCSVAGWLLGNPMCDEFINVPEWSYIVEKANPVNDLCYPGDFNDYEELKHLLSRINHFEKIQIIPK-SSW-SSHEASLGVSSACPY-QGKSSFFRNVVWLIKKDS--TYPTIKRSYNNTNQEDLLVLWGIHHPNDAAEQTKLYQNPTTYISVGTSTLNQRLVPRIATRSKVKGLSGRMEFFWTILKPNDAINFESNGNFIAPEYAYKIV-KKGDSTIMKSELEY-GNCNTKCQTPMGAINSSMPFHNIHPLTIGECPKYVKSNRLVLAIGLRNSP--
4kdm,-DQICIGYHANNSTEQVDTIMEKNVTVTHAQDILEKKHNGKLCDLDGVKPLILRDCSVAGWLLGNPMCDEFINVPEWSYIVEKANPVNDLCYPGDFNDYEELKHLLSRINHFEKIQIIPK-SSW-SSHEASLGVSSACPY-QGKSSFFRNVVWLIKKDS--TYPTIKRSYNNTNQEDLLVLWGIHHPNDAAEQTKLYQNPTTYISVGTSTLNQRLVPRIATRSKVKGLSGRMEFFWTILKPNDAINFESNGNFIAPEYAYKIV-KKGDSTIMKSELEY-GNCNTKCQTPMGAINSSMPFHNIHPLTIGECPKYVKSNRLVLAIGLRNSP--
4kdn,-DQICIGYHANNSTEQVDTIMEKNVTVTHAQDILEKKHNGKLCDLDGVKPLILRDCSVAGWLLGNPMCDEFINVPEWSYIVEKANPVNDLCYPGDFNDYEELKHLLSRINHFEKIQIIPK-SSW-SSHEASLGVSSACPY-QGKSSFFRNVVWLIKKDS--TYPTIKRSYNNTNQEDLLVLWGIHHPNDAAEQTKLYQNPTTYISVGTSTLNQRLVPRIATRSKVKGLSGRMEFFWTILKPNDAINFESNGNFIAPEYAYKIV-KKGDSTIMKSELEY-GNCNTKCQTPMGAINSSMPFHNIHPLTIGECPKYVKSNRLVLAIGLRNSP--
4kdo,-DQICIGYHANNSTEQVDTIMEKNVTVTHAQDILEKKHNGKLCDLDGVKPLILRDCSVAGWLLGNPMCDEFINVPEWSYIVEKANPVNDLCYPGDFNDYEELKHLLSRINHFEKIQIIPK-SSW-SSHEASLGVSSACPY-QGKSSFFRNVVWLIKKDS--TYPTIKRSYNNTNQEDLLVLWGIHHPNDAAEQTKLYQNPTTYISVGTSTLNQRLVPRIATRSKVKGLSGRMEFFWTILKPNDAINFESNGNFIAPEYAYKIV-KKGDSTIMKSELEY-GNCNTKCQTPMGAINSSMPFHNIHPLTIGECPKYVKSNRLVLAIGLRNSP--
4n5y,GDQICIGYHANNSTEQVDTIMEKNVTVTHAQDILEKKHNGKLCDLDGVKPLILRDCSVAGWLLGNPMCDEFINVPEWSYIVEKANPVNDLCYPGDFNDYEELKHLLSRINHFEKIQIIPK-SSW-SSHEASLGVSSACPY-QGKSSFFRNVVWLIKKDS--TYPTIKRSYNNTNQEDLLVLWGIHHPNDAAEQTKLYQNPTTYISVGTSTLNQRLVPRIATRSKVKGLSGRMEFFWTILKPNDAINFESNGNFIAPEYAYKIV-KKGDSTIMKSELEY-GNCNTKCQTPMGAINSSMPFHNIHPLTIGECPKYVKSNRLVLATGLRNSP--
4bgz,-DQICIGYHANNSTEQVDTIMEKNVTVTHAQDILEKTHNGKLCDLDGVKPLILRDCSVAGWLLGNPMCDEFLNVPEWSYIVEKINPANDLCYPGNFNDYEELKHLLSRINHFEKIQIIPK-SSW-SDHEASAGVSSACPY-QGRSSFFRNVVWLIKKDN--AYPTIKRSYNNTNQEDLLVLWGIHHPNDAAEQTRLYQNPTTYISVGTSTLNQRLVPKIATRSKVNGQSGRMEFFWTILKPNDAINFESNGNFIAPENAYKIV-KKGDSTIMKSELEY-GNCNTKCQTPIGAINSSMPFHNIHPLTIGECPKYVKSSRLVLATGLRN----
4bh0,-DQICIGYHANNSTEQVDTIMEKNVTVTHAQDILEKTHNGKLCDLDGVKPLILRDCSVAGWLLGNPMCDEFLNVPEWSYIVEKINPANDLCYPGNFNDYEELKHLLSRINHFEKIQIIPK-SSW-SDHEASAGVSSACPY-QGRSSFFRNVVWLIKKDN--AYPTIKRSYNNTNQEDLLVLWGIHHPNDAAEQTRLYQNPTTYISVGTSTLNQRLVPKIATRSKVNGQSGRMEFFWTILKPNDAINFESNGNFIAPENAYKIV-KKGDSTIMKSELEY-GNCNTKCQTPIGAINSSMPFHNIHPLTIGECPKYVKSSRLVLATGLRN----
4bh1,-DQICIGYHANNSTEQVDTIMEKNVTVTHAQDILEKTHNGKLCDLDGVKPLILRDCSVAGWLLGNPMCDEFLNVPEWSYIVEKINPANDLCYPGNFNDYEELKHLLSRINHFEKIQIIPK-SSW-SDHEASAGVSSACPY-QGRSSFFRNVVWLIKKDN--AYPTIKRSYNNTNQEDLLVLWGIHHPNDAAEQTRLYQNPTTYISVGTSTLNQRLVPKIATRSKVNGQSGRMEFFWTILKPNDAINFESNGNFIAPENAYKIV-KKGDSTIMKSELEY-GNCNTKCQTPIGAINSSMPFHNIHPLTIGECPKYVKSSRLVLATGLRN----
4cqv,PDQICIGYHANNSTEQVDTIMEKNVTVTHAQDILEKTHNGKLCDLDGVKPLILRDCSVAGWLLGNPMCDEFLNVPEWSYIVEKINPANDLCYPGNFNDYEELKHLLSRINHFEKIQIIPK-SSW-SDHEAS-GVSSACPY-QGRSSFFRNVVWLTKKDN--AYPTIKRSYNNTNQEDLLVLWGIHHPNDAAEQTRLYQNPTTYISVGTSTLNQRLVPKIATRSKVNGQSGRMEFFWTILKPNDAINFESNGNFIAPENAYKIV-KKGDSTIMKSELEY-GNCNTKCQTPIGAINSSMPFHNIHPLTIGECPKYVKSSRLVLATGLRNSP--
4cqw,PDQICIGYHANNSTEQVDTIMEKNVTVTHAQDILEKTHNGKLCDLDGVKPLILRDCSVAGWLLGNPMCDEFLNVPEWSYIVEKINPANDLCYPGNFNDYEELKHLLSRINHFEKIQIIPK-SSW-SDHEAS-GVSSACPY-QGRSSFFRNVVWLTKKDN--AYPTIKRSYNNTNQEDLLVLWGIHHPNDAAEQTRLYQNPTTYISVGTSTLNQRLVPKIATRSKVNGQSGRMEFFWTILKPNDAINFESNGNFIAPENAYKIV-KKGDSTIMKSELEY-GNCNTKCQTPIGAINSSMPFHNIHPLTIGECPKYVKSSRLVLATGLRNSP--
4cqx,PDQICIGYHANNSTEQVDTIMEKNVTVTHAQDILEKTHNGKLCDLDGVKPLILRDCSVAGWLLGNPMCDEFLNVPEWSYIVEKINPANDLCYPGNFNDYEELKHLLSRINHFEKIQIIPK-SSW-SDHEAS-GVSSACPY-QGRSSFFRNVVWLTKKDN--AYPTIKRSYNNTNQEDLLVLWGIHHPNDAAEQTRLYQNPTTYISVGTSTLNQRLVPKIATRSKVNGQSGRMEFFWTILKPNDAINFESNGNFIAPENAYKIV-KKGDSTIMKSELEY-GNCNTKCQTPIGAINSSMPFHNIHPLTIGECPKYVKSSRLVLATGLRNSP--
4cqy,PDQICIGYHANNSTEQVDTIMEKNVTVTHAQDILEKTHNGKLCDLDGVKPLILRDCSVAGWLLGNPMCDEFLNVPEWSYIVEKINPANDLCYPGNFNDYEELKHLLSRINHFEKIQIIPK-SSW-SDHEAS-GVSSACPY-QGRSSFFRNVVWLTKKDN--AYPTIKRSYNNTNQEDLLVLWGIHHPNDAAEQTRLYQNPTTYISVGTSTLNQRLVPKIATRSKVNGQSGRMEFFWTILKPNDAINFESNGNFIAPENAYKIV-KKGDSTIMKSELEY-GNCNTKCQTPIGAINSSMPFHNIHPLTIGECPKYVKSSRLVLATGLRNSP--
4kw1,-DQICIGYHANNSTEQVDTIMEKNVTVTHAQDILEKTHNGKLCNLDGVKPLILRDCSVAGWLLGNPMCDEFLNVPEWSYIVEKINPANDLCYPGNFNDYEELKHLLSRINHFEKIQIIPK-SSW-SDHEAS-GVSSVCPY-QGRSSFFRNVVWLTKKDN--AYPTIKRSYNNTNQEDLLVLWGIHHPNDAAEQTRLYQNPTTYISVGTSTLNQRLVPKIATRSKVNGQSGRMEFFWTILKSNDAINFESNGNFIAPENAYKIV-KKGDSTIMKSELEY-GNCNTKCQTPIGAINSSMPFHNIHPLTIGECPKYVKSNRLVLATGLRNSP--
4kdq,SDQICIGYHANNSTEQVDTIMEKNVTVTHAQDILEKTHNGKLCDLDGVKPLILRDCSVAGWLLGNPMCDEFLNVPEWSYIVEKINPVNDLCYPGNFNDYEELKHLLSRINHFEKIQIIPK-SSW-SDHEASSGVSSACPY-QGRSSFFRNVVWLIKKNN--TYPTIKRSYNNTNQEDLLVLWGIHHPNDAAEQTRLYQNPTTYISVGTSTLNQRLVPKLATRSKVNGQSGRMEFFWTILKPNDAINFESNGNFIAPENAYKIV-KKGDSTIMKSELEY-GNCNTKCQTPIGAINSSMPFHNIHPLTIGECPKYVKSNRLVLATGLRNS---
4juk,-DHICIGYHANNSTEQVDTIMEKNVTVTHAQDILEKTHNGKLCDLNGVKPLILKDCSVAGWLLGNPMCDEFINVPEWSYIVEKANPANDLCYPGNFNDYEELKHLLSRINHFEKIQIIPK-DSW-SDHEASLGVSSACPY-QGNSSFFRNVVWLIKKGN--AYPTIKKSYNNTNQEDLLVLWGIHHPNDEAEQTRLYQNPTTYISIGTSTLNQRLVPKIATRSKVNGQSGRIDFFWTILKPNDAINFESNGNFIAPEYAYKIV-KKGDSTIMKSEVEY-GNCNTRCQTPMGAINSSMPFHNIHPLTIGECPKYVKSNKLVLATGLRNS---
4kth,GDHICIGYHANNSTEQVDTIMEKNVTVTHAQDILEKTHNGKLCDLNGVKPLILKDCSVAGWLLGNPMCDEFINVPEWSYIVEKANPANDLCYPGNFNDYEELKHLLSRINHFEKIQIIPK-NSW-SDHEASLGVSAACPY-QGKSSFFRNVVWLIKKDN--AYPTIKKGYNNTNQEDLLVLWGIHHPNDEAEQTRLYQNPTTYISIGTSTLNQRLVPKIATRSKINGQSGRIDFFWTILKPNDAIHFESNGNFIAPEYAYKIV-KKGDSTIMKSEVEY-GNCNTRCQTPIGAINSSMPFHNIHPLTIGECPKYVKSNKLVLATGLRNSP--
4jul,GDQICIGYHANNSTEQVDTIMEKNVTVTHAQDILEKTHNGKLCDLDGVKPLILRDCSVAGWLLGNPMCDEFINVPEWSYIVEKANPANDLCYPGNFNDYEELKHLLSRINHFEKIQIIPK-SSW-SDHEASSGVSSACPY-QGTPSFFRNVVWLIKKNN--TYPTIKRSYNNTNQEDLLILWGIHHSNDAAEQTKLYQNPTTYISVGTSTLNQRLVPKIATRSKVNGQSGRMDFFWTILKPNDAINFESNGNFIAPEYAYKIV-KKGDSAIIKSEVEY-GNCNTKCQTPIGAINSSMPFHNIHPLTIGECPKYVKSNKLVLATGLRNS---
4kwm,GDQICIGYHANNSTEQVDTIMEKNVTVTHAQDILEKTHNGKLCDLDGVKPLILRDCSVAGWLLGNPMCDEFINVPEWSYIVEKANPANDLCYPGNFNDYEELKHLLSRINHFEKIQIIPK-SSW-SDHEASSGVSSACPY-QGTPSFFRNVVWLIKKNN--TYPTIKRSYNNTNQEDLLILWGIHHSNDAAEQTKLYQNPTTYISVGTSTLNQRLVPKIATRSKVNGQSGRMDFFWTILKPNDAINFESNGNFIAPEYAYKIV-KKGDSAIVKSEVEY-GNCNTKCQTPIGAINSSMPFHNIHPLTIGECPKYVKSNKLVLATGLRNSP--
4k62,QDQICIGYHANNSTEQVDTIMEKNVTVTHAQDILEKTHNGKLCDLDGVKPLILRDCSVAGWLLGNPMCDEFINVPEWSYIVEKANPTNDLCYPGSFNDYEELKHLLSRINHFEKIQIIPK-SSW-SDHEASSGVSSACPY-LGSPSFFRNVVWLIKKNS--TYPTIKKSYNNTNQEDLLVLWGIHHPNDAAEQTRLYQNPTTYISIGTSTLNQRLVPKIATRSKVNGQSGRMEFFWTILKPNDAINFESNGNFIAPEYAYKIV-KKGDSAIMKSELEY-GNCNTKCQTPMGAINSSMPFHNIHPLTIGECPKYVKSNRLVLATGLRNS---
4k63,QDQICIGYHANNSTEQVDTIMEKNVTVTHAQDILEKTHNGKLCDLDGVKPLILRDCSVAGWLLGNPMCDEFINVPEWSYIVEKANPTNDLCYPGSFNDYEELKHLLSRINHFEKIQIIPK-SSW-SDHEASSGVSSACPY-LGSPSFFRNVVWLIKKNS--TYPTIKKSYNNTNQEDLLVLWGIHHPNDAAEQTRLYQNPTTYISIGTSTLNQRLVPKIATRSKVNGQSGRMEFFWTILKPNDAINFESNGNFIAPEYAYKIV-KKGDSAIMKSELEY-GNCNTKCQTPMGAINSSMPFHNIHPLTIGECPKYVKSNRLVLATGLRNS---
4k64,QDQICIGYHANNSTEQVDTIMEKNVTVTHAQDILEKTHNGKLCDLDGVKPLILRDCSVAGWLLGNPMCDEFINVPEWSYIVEKANPTNDLCYPGSFNDYEELKHLLSRINHFEKIQIIPK-SSW-SDHEASSGVSSACPY-LGSPSFFRNVVWLIKKNS--TYPTIKKSYNNTNQEDLLVLWGIHHPNDAAEQTRLYQNPTTYISIGTSTLNQRLVPKIATRSKVNGQSGRMEFFWTILKPNDAINFESNGNFIAPEYAYKIV-KKGDSAIMKSELEY-GNCNTKCQTPMGAINSSMPFHNIHPLTIGECPKYVKSNRLVLATGLRNS---
4k65,QDQICIGYHANNSTEQVDTIMEKNVTVTHAQDILEKTHNGKLCDLDGVKPLILRDCSVAGWLLGNPMCDEFINVPEWSYIVEKANPTNDLCYPGSFNDYEELKYLLSRINHFEKIQIIPK-SSW-SDHEASSGVSSACPY-LGSPSFFRNVVWLIKKNS--AYPTIKKSYNNTNQEDLLVLWGIHHPNDAAEQTRLYQNPTTYISIGTSTLNQRLVPKIATRSKVNGLSSRMEFFWTILKPNDAINFESNGNFIAPEYAYKIV-KKGDSAIMKSELEY-GNCNTKCQTPMGAINSSMPFHNIHPLTIGECPKYVKSNRLVLATGLRNS---
4k66,QDQICIGYHANNSTEQVDTIMEKNVTVTHAQDILEKTHNGKLCDLDGVKPLILRDCSVAGWLLGNPMCDEFINVPEWSYIVEKANPTNDLCYPGSFNDYEELKYLLSRINHFEKIQIIPK-SSW-SDHEASSGVSSACPY-LGSPSFFRNVVWLIKKNS--AYPTIKKSYNNTNQEDLLVLWGIHHPNDAAEQTRLYQNPTTYISIGTSTLNQRLVPKIATRSKVNGLSSRMEFFWTILKPNDAINFESNGNFIAPEYAYKIV-KKGDSAIMKSELEY-GNCNTKCQTPMGAINSSMPFHNIHPLTIGECPKYVKSNRLVLATGLRNS---
4k67,QDQICIGYHANNSTEQVDTIMEKNVTVTHAQDILEKTHNGKLCDLDGVKPLILRDCSVAGWLLGNPMCDEFINVPEWSYIVEKANPTNDLCYPGSFNDYEELKYLLSRINHFEKIQIIPK-SSW-SDHEASSGVSSACPY-LGSPSFFRNVVWLIKKNS--AYPTIKKSYNNTNQEDLLVLWGIHHPNDAAEQTRLYQNPTTYISIGTSTLNQRLVPKIATRSKVNGLSSRMEFFWTILKPNDAINFESNGNFIAPEYAYKIV-KKGDSAIMKSELEY-GNCNTKCQTPMGAINSSMPFHNIHPLTIGECPKYVKSNRLVLATGLRNS---
3s12,EDQICIGYHANNSTEQVDTIMEKNVTVTHAQDILEKTHNGKLCDLDGVKPLILRDCSVAGWLLGNPMCD---NVPEWSYIVEKASPANDLCYPGDFNDYEELKHLLSRINHFEKIQIIPK-SSW-SNHEASSGVSSACPY-LGKSSFFRNVVWLIKKNS--AYPTIKRSYNNTNQEDLLVLWGIHHPNDAAEQTKLYQNPTTYISVGTSTLNQRLVPKIATRSKVNGQSGRMEFFWTILKPNDAINFESNGNFIAPEYAYKIV-KKGDSAIMKSELEY-GNCNTKCQTPMGAINSSMPFHNIHPLTIGECPKYVKSNRLVLATGLRNT---
3s13,---------------------------------LEKTHNGKLCDLDGVKPLILRDCSVAGWLLGNPMCDEFINVPEWSYIVEKASPANDLCYPGDFNDYEELKHLLSRINHFEKIQIIPK-SSW-SNHEASSGVSSACPY-LGKSSFFRNVVWLIKKNS--AYPTIKRSYNNTNQEDLLVLWGIHHPNDAAEQTKLYQNPTTYISVGTSTLNQRLVPKIATRSKVNGQSGRMEFFWTILKPNDAINFESNGNFIAPEYAYKIV-KKGDSAIMKSELEY-GNCNTKCQTPMGAINSSMPFHNIHPLTIGECPKYVKSN--------------
4jum,GDQICIGYHANNSTVQVDTIMEKNVTVTHAQDILEKTHNGKLCSLDGVKPLILRDCSVAGWLLGNPMCDEFINVPEWSYIVEKASPANDLCYPGDFNDYEELKHLLSRINHFEKIQIIPK-SSW-PNHEASLGVSSACPY-LGESSFFRNVVWLIKKNS--SYPTIKRSYNNTNQEDLLVLWGIHHPNDAAEQIKLYQNPNTYISVGTSTLNQRLVPTIATRSKVNGQSGRMEFFWTILKPNDAINFESNGNFIAPEYAYKIV-KKGDSAIMKSELEY-GNCNTKCQTPMGAINSSMPFHNIHPLTIGECPKYVKSNRLVLATGLRNT---
4jun,GDQICIGYHANNSTEQVDTIMEKNVTVTHAQDILEKTHNGKLCDLDGVKPLILRDCSVAGWLLGNPICDEFINVPEWSYIVEKASPANDLCYPGDFNDYEELKHLLSRINHFEKIQIIPK-SSW-SNHEASSGVSSACPY-QGRPSFFRNVVWLIKKNS--AYPTIKRSYNNTSQEDLLVLWGIHHPNDAAEQTKLYQNPTTYISVGTSTLNQRLVPRIATRSKVNGQSGRMEFFWTILKPNDAINFESNGNFIAPEYAYKIV-KKGDSAIMKSELEY-GNCNTKCQTPMGAINSSMPFHNIHPLTIGECPKYVKSSRLVLATGLRNS---
4mhi,GDQICIGYHANNSTEQVDTIMEKNVTVTHAQDILEKTHNGKLCDLNGVKPLILRDCSVAGWLLGNPMCDEFINVPEWSYIVEKASPANDLCYPGDFNDYEELKHLLSRTNHFEKIQIIPK-SSW-SNHDASSGVSSACPY-HGRSSFFRNVVWLIKKNS--AYPTIKRSYNNTNQEDLLVLWGIHHPNDAAEQTKLYQNPTTYISVGTSTLNQRLVPEIATRPKVNGQSGRMEFFWTILKPNDAINFESNGNFIAPEYAYKIV-KKGDSAIMKSELEY-GNCNTKCQTPMGAINSSMPFHNIHPLTIGECPKYVKSNRLVLATGLRNTP--
4mhj,GDQICIGYHANNSTEQVDTIMEKNVTVTHAQDILEKTHNGKLCDLNGV-PLILRDCSVAGWLLGNPMCDEFINVPEWSYIVEKASPANDLCYPGDFNDYEELKHLLSRTNHFEKIQIIPK-SSW-SNHDASSGVSSACPY-HGRSSFFRNVVWLIKKNS--AYPTIKRSYNNTNQEDLLVLWGIHHPNDAAEQTKLYQNPTTYISVGTSTLNQRLVPEIATRPKVNGQSGRMEFFWTILKPNDAINFESNGNFIAPEYAYKIV-KKGDSAIMKSELEY-GNCNTKCQTPMGAINSSMPFHNIHPLTIGECPKYVKSNRLVLATGLRNTP--
3s11,GDQICIGYHANNSTEQVDTIMEKNVTVTHAQDILEKTHNGKLCDLDGVKPLILRDCSVAGWLLGNPMCDEFINVPEWSYIVEKASPANDLCYPGDFNNYEELKHLLSRTNHFEKIQIIPK-SSW-SNHDASSGVSSACPY-HGKSSFFRNVVWLIKKNS--AYPTIKRSYNNTNQEDLLVLWGIHHPNDAAEQTKLYQNPTTYISVGTSTLNQRLVPEIATRPKVNGQSGRMEFFWTILKPNDAINFESNGNFIAPEYAYKIV-KKGDSAIMKSELEY-GNCNTKCQTPMGAINSSMPFHNIHPLTIGECPKYVKSNRLVLATGLRNT---
1jsm,-DQICIGYHANNSTEQVDTIMEKNVTVTHAQDILEKTHNGKLCDLNGVKPLILRDCSVAGWLLGNPMCDEFLNVPEWSYIVEKDNPVNGLCYPENFNDYEELKHLLSSTNHFEKIRIIPR-SSW-SNHDASSGVSSACPY-NGRSSFFRNVVWLIKKNN--AYPTIKRSYNNTNQEDLLILWGIHHPNDAAEQTKLYQNPTTYVSVGTSTLNQRSVPEIATRPKVNGQSGRMEFFWTILKPNDAINFESNGNFIAPEYAYKIV-KKGGSAIMKSGLEY-GNCNTKCQTPMGAINSSMPFHNIHPLTIGECPKYVKSGRLVLATGLRNVP--
1jsn,-DQICIGYHANNSTEQVDTIMEKNVTVTHAQDILEKTHNGKLCDLNGVKPLILRDCSVAGWLLGNPMCDEFLNVPEWSYIVEKDNPVNGLCYPENFNDYEELKHLLSSTNHFEKIRIIPR-SSW-SNHDASSGVSSACPY-NGRSSFFRNVVWLIKKNN--AYPTIKRSYNNTNQEDLLILWGIHHPNDAAEQTKLYQNPTTYVSVGTSTLNQRSVPEIATRPKVNGQSGRMEFFWTILKPNDAINFESNGNFIAPEYAYKIV-KKGGSAIMKSGLEY-GNCNTKCQTPMGAINSSMPFHNIHPLTIGECPKYVKSGRLVLATGLRNVP--
1jso,-DQICIGYHANNSTEQVDTIMEKNVTVTHAQDILEKTHNGKLCDLNGVKPLILRDCSVAGWLLGNPMCDEFLNVPEWSYIVEKDNPVNGLCYPENFNDYEELKHLLSSTNHFEKIRIIPR-SSW-SNHDASSGVSSACPY-NGRSSFFRNVVWLIKKNN--AYPTIKRSYNNTNQEDLLILWGIHHPNDAAEQTKLYQNPTTYVSVGTSTLNQRSVPEIATRPKVNGQSGRMEFFWTILKPNDAINFESNGNFIAPEYAYKIV-KKGGSAIMKSGLEY-GNCNTKCQTPMGAINSSMPFHNIHPLTIGECPKYVKSGRLVLATGLRNVP--
2wr0,-DQICIGYHANNSTEKVDTILERNVTVTHAKDILEKTHNGKLCRLSGIPPLELGDCSIAGWLLGNPECDRLLSVPEWSYIVEKENPVNGLCYPGSFNDYEELKHLITSVTHFEKVKILPR-DQW-TQHTTT-GGSRACAV-LDNPSFFRNMVWLTKKGS--NYPIAKRSYNNTSGEQMLIIWGIHHPNDDAEQRTLYQNVGTYVSVGTSTLNKRSIPEIATRPKVNGQGGRMEFSWTLLETWDVINFESTGNLIAPEYGFKIS-KRGSSGIMKTEKTL-ENCETKCQTPLGAINTTLPFHNIHPLTIGECPKYVKSDRLVLATGLRNVP--
2wr1,-DQICIGYHANNSTEKVDTILERNVTVTHAKDILEKTHNGKLCRLSGIPPLELGDCSIAGWLLGNPECDRLLSVPEWSYIVEKENPVNGLCYPGSFNDYEELKHLITSVTHFEKVKILPR-DQW-TQHTTT-GGSRACAV-LDNPSFFRNMVWLTKKGS--NYPIAKRSYNNTSGEQMLIIWGIHHPNDDAEQRTLYQNVGTYVSVGTSTLNKRSIPEIATRPKVNGQGGRMEFSWTLLETWDVINFESTGNLIAPEYGFKIS-KRGSSGIMKTEKTL-ENCETKCQTPLGAINTTLPFHNIHPLTIGECPKYVKSDRLVLATGLRNVP--
2wr2,-DQICIGYHANNSTEKVDTILERNVTVTHAKDILEKTHNGKLCRLSGIPPLELGDCSIAGWLLGNPECDRLLSVPEWSYIVEKENPVNGLCYPGSFNDYEELKHLITSVTHFEKVKILPR-DQW-TQHTTT-GGSRACAV-LDNPSFFRNMVWLTKKGS--NYPIAKRSYNNTSGEQMLIIWGIHHPNDDAEQRTLYQNVGTYVSVGTSTLNKRSIPEIATRPKVNGQGGRMEFSWTLLETWDVINFESTGNLIAPEYGFKIS-KRGSSGIMKTEKTL-ENCETKCQTPLGAINTTLPFHNIHPLTIGECPKYVKSDRLVLATGLRNVP--
2wr4,--QICIGYHANNSTEKVDTILERNVTVTHAKDILEKTHNGKLCRLSGIPPLELGDCSIAGWLLGNPECDRLLSVPEWSYIVEKENPTNGLCYPGSFNDYEELKHLLTSVTHFEKIKILPR-DQW-TQHTTT-GGSRACAV-SGNPSFFRNMV-LTKKGS--NYPVAKRSYNNTSGEQMLIIWGIHYPNDDTEQRTLYQNVGTYVSVGTSTLNKRSIPEIATRPKVNGQGGRMEFSWTLLETWDVINFESTGNLIAPEYGFKIS-KRGSSGIMKTEKTL-ENCETKCQTPLGAINTTLPFHNIHPLTIGECPKYVKSDRLVLATGLRNVP--
2wr5,--QICIGYHANNSTEKVDTILERNVTVTHAKDILEKTHNGKLCRLSGIPPLELGDCSIAGWLLGNPECDRLLSVPEWSYIVEKENPTNGLCYPGSFNDYEELKHLLTSVTHFEKIKILPR-DQW-TQHTTT-GGSRACAV--GNPSFFRNMVWLTKKGS--NYPVAKRSYNNTSGEQMLIIWGIHYPNDDTEQRTLYQNVGTYVSVGTSTLNKRSIPEIATRPKVNGQGGRMEFSWTLLETWDVINFESTGNLIAPEYGFKIS-KRGSSGIMKTEKTL-ENCETKCQTPLGAINTTLPFHNIHPLTIGECPKYVKSDRLVLATGLRNVP--
2wr7,-----IGYHANNSTEKVDTILERNVTVTHAKDILEKTHNGKLCKLNGIPPLELGDCSIAGWLLGNPECDRLLSVPEWSYIMEKENPRDGLCYPGSFNDYEELKHLLSSVKHFEKVKILPK-DRW-TQHTTT-GGSRACAV-SGNPSFFRNMV-LTEKGS--NYPVAKGSYNNTSGEQMLIIWGVHHPNDETEQRTLYQNVGTYVSVGTSTLNKRSTPDIATRPKVNGLGSRMEFSWTLLDMWDTINFESTGNLIAPEYGFKIS-KRGSSGIMKTEGTL-ENCETKCQTPLGAINTTLPFHNVHPLTIGECPKYVKSEKLVLATGLRNVP--
2wrb,-----IGYHANNSTEKVDTILERNVTVTHAKDILEKTHNGKLCKLNGIPPLELGDCSIAGWLLGNPECDRLLSVPEWSYIMEKENPRDGLCYPGSFNDYEELKHLLSSVKHFEKVKILPK-DRW-TQHTTT-GGSRACAV-SGNPSFFRNMVWLTEKGS--NYPVAKGSYNNTSGEQMLIIWGVHHPNDETEQRTLYQNVGTYVSVGTSTLNKRSTPDIATRPKVNGLGSRMEFSWTLLDMWDTINFESTGNLIAPEYGFKIS-KRGSSGIMKTEGTL-ENCETKCQTPLGAINTTLPFHNVHPLTIGECPKYVKSEKLVLATGLRNVP--
2wrc,-----IGYHANNSTEKVDTILERNVTVTHAKDILEKTHNGKLCKLNGIPPLELGDCSIAGWLLGNPECDRLLSVPEWSYIMEKENPRDGLCYPGSFNDYEELKHLLSSVKHFEKVKILPK-DRW-TQHTTT-GGSRACAV-SGNPSFFRNMVWLTEKGS--NYPVAKGSYNNTSGEQMLIIWGVHHPNDETEQRTLYQNVGTYVSVGTSTLNKRSTPDIATRPKVNGLGSRMEFSWTLLDMWDTINFESTGNLIAPEYGFKIS-KRGSSGIMKTEGTL-ENCETKCQTPLGAINTTLPFHNVHPLTIGECPKYVKSEKLVLATGLRNVP--
3ku5,GDQICIGYHANNSTEKVDTILERNVTVTHAKDILEKTHNGKLCKLNGIPPLELGDCSIAGWLLGNPECDRLLSVPEWSYIMEKENPRDGLCYPGSFNDYEELKHLLSSVKHFEKVKILPK-DRW-TQHTTT-GGSRACAV-SGNPSFFRNMVWLTEKGS--NYPVAKGSYNNTSGEQMLIIWGVHHPNDETEQRTLYQNVGTYVSVGTSTLNKRSTPEIATRPKVNGLGSRMEFSWTLLDMWDTINFESTGNLIAPEYGFKIS-KRGSSGIMKTEGTL-ENCETKCQTPLGAINTTLPFHNVHPLTIGECPKYVKSEKLVLATGLRNVP--
3ku6,GDQICIGYHANNSTEKVDTILERNVTVTHAKDILEKTHNGKLCKLNGIPPLELGDCSIAGWLLGNPECDRLLSVPEWSYIMEKENPRDGLCYPGSFNDYEELKHLLSSVKHFEKVKILPK-DRW-TQHTTT-GGSRACAV-SGNPSFFRNMVWLTEKGS--NYPVAKGSYNNTSGEQMLIIWGVHHPNDETEQRTLYQNVGTYVSVGTSTLNKRSTPEIATRPKVNGLGGRMEFSWTLLDMWDTINFESTGNLIAPEYGFKIS-KRGSSGIMKTEGTL-ENCETKCQTPLGAINTTLPFHNVHPLTIGECPKYVKSEKLVLATGLRNVP--
3ku3,GDQICIGYHANNSTEKVDTILERNVTVTHAKDILEKTHNGKLCKLNGIPPLELGDCSIAGWLLGNPECDRLLSVPEWSYIMEKENPRDGLCYPGSFNDYEELKHLLSSVKHFEKVKILPK-DRW-TQHTTT-GGSRACAV-SGNPSFFRNMVWLTEKGS--NYPVAKGSYNNTSGEQMLIIWGVHHPNDETEQRTLYQNVGTYVSVGTSTLNKRSTPEIATRPKVNGQGGRMEFSWTLLDMWDTINFESTGNLIAPEYGFKIS-KRGSSGIMKTEGTL-ENCETKCQTPLGAINTTLPFHNVHPLTIGECPKYVKSEKLVLATGLRNVP--
3qqb,GDQICIGYHANNSTEKVDTILERNVTVTHAKDILEKTHNGKLCKLNGIPPLELGDCSIAGWLLGNPECDRLLSVPEWSYIMEKENPRDGLCYPGSFNDYEELKHLLSSVKHFEKVKILPK-DRW-TQHTTT-GGSRACAV-SGNPSFFRNMVWLTEKGS--NYPVAKGSYNNTSGEQMLIIWGVHHPNDETEQRTLYQNVGTYVSVGTSTLNKRSTPEIATRPKVNGQGGRMEFSWTLLDMWDTINFESTGNLIAPEYGFKIS-KRGSSGIMKTEGTL-ENCETKCQTPLGAINTTLPFHNVHPLTIGECPKYVKSEKLVLATGLRNVP--
3qqe,GDQICIGYHANNSTEKVDTILERNVTVTHAKDILEKTHNGKLCKLNGIPPLELGDCSIAGWLLGNPECDRLLSVPEWSYIMEKENPRDGLCYPGSFNDYEELKHLLSSVKHFEKVKILPK-DRW-TQHTTT-GGSRACAV-SGNPSFFRNMVWLTEKGS--NYPVAKGSYNNTSGEQMLIIWGVHHPNDETEQRTLYQNVGTYVSVGTSTLNKRSTPEIATRPKVNGQGGRMEFSWTLLDMWDTINFESTGNLIAPEYGFKIS-KRGSSGIMKTEGTL-ENCETKCQTPLGAINTTLPFHNVHPLTIGECPKYVKSEKLVLATGLRNVP--
3qqo,GDQICIGYHANNSTEKVDTILERNVTVTHAKDILEKTHNGKLCKLNGIPPLELGDCSIAGWLLGNPECDRLLSVPEWSYIMEKENPRDGLCYPGSFNDYEELKHLLSSVKHFEKVKILPK-DRW-TQHTTT-GGSRACAV-SGNPSFFRNMVWLTEKGS--NYPVAKGSYNNTSGEQMLIIWGVHHPNDETEQRTLYQNVGTYVSVGTSTLNKRSTPEIATRPKVNGQGGRMEFSWTLLDMWDTINFESTGNLIAPEYGFKIS-KRGSSGIMKTEGTL-ENCETKCQTPLGAINTTLPFHNVHPLTIGECPKYVKSEKLVLATGLRNVP--
4hf5,GDQICIGYHANNSTEKVDTILERNVTVTHAKDILEKTHNGKLCKLNGIPPLELGDCSIAGWLLGNPECDRLLSVPEWSYIMEKENPRDGLCYPGSFNDYEELKHLLSSVKHFEKVKILPK-DRW-TQHTTT-GGSRACAV-SGNPSFFRNMVWLTEKGS--NYPVAKGSYNNTSGEQMLIIWGVHHPNDETEQRTLYQNVGTYVSVGTSTLNKRSTPEIATRPKVNGQGGRMEFSWTLLDMWDTINFESTGNLIAPEYGFKIS-KRGSSGIMKTEGTL-ENCETKCQTPLGAINTTLPFHNVHPLTIGECPKYVKSEKLVLATGLRNVP--
4hlz,GDQICIGYHANNSTEKVDTILERNVTVTHAKDILEKTHNGKLCKLNGIPPLELGDCSIAGWLLGNPECDRLLSVPEWSYIMEKENPRDGLCYPGSFNDYEELKHLLSSVKHFEKVKILPK-DRW-TQHTTT-GGSRACAV-SGNPSFFRNMVWLTEKGS--NYPVAKGSYNNTSGEQMLIIWGVHHPNDETEQRTLYQNVGTYVSVGTSTLNKRSTPEIATRPKVNGQGGRMEFSWTLLDMWDTINFESTGNLIAPEYGFKIS-KRGSSGIMKTEGTL-ENCETKCQTPLGAINTTLPFHNVHPLTIGECPKYVKSEKLVLATGLRNVP--
2wrd,----CIGYHANNSTEKVDTILERNVTVTHAKDILEKTHNGKLCKLNGIPPLELGDCSIAGWLLGNPECDRLLSVPEWSYIMEKENPRDGLCYPGSFNDYEELKHLLSSVKHFEKVKILPK-DRW-TQHTTT-GGSRACAV-SGNPSFFRNMVWLTKKGS--NYPVAKGSYNNTSGEQMLIIWGVHHPIDEKEQRTLYQNVGTYVSVGTSTLNKRSTPEIATRPKVNGLGSRMEFSWTLLDMWDTINFESTGNLIAPEYGFKIS-KRGSSGIMKTEGTL-ENCETKCQTPLGAINTTLPFHNVHPLTIGECPKYVKSEKLVLATGLRNVP--
2wre,----CIGYHANNSTEKVDTILERNVTVTHAKDILEKTHNGKLCKLNGIPPLELGDCSIAGWLLGNPECDRLLSVPEWSYIMEKENPRDGLCYPGSFNDYEELKHLLSSVKHFEKVKILPK-DRW-TQHTTT-GGSQACAV-SGNPSFFRNMV-LTKKGS--NYPVAKGSYNNTSGEQMLIIWGVHHPIDEKEQRTLYQNVGTYVSVGTSTLNKRSTPEIATRPKVNGLGSRMEFSWTLLDMWDTINFESTGNLIAPEYGFKIS-KRGSSGIMKTEGTL-ENCETKCQTPLGAINTTLPFHNVHPLTIGECPKYVKSEKLVLATGLRNVP--
4hfu,GDQICIGYHANNSTEKVDTILERNVTVTHAKDILEKTHNGKLCKLNGIPPLELGDCSIAGWLLGNPECDRLLSVPEWSYIMEKENPR--LCYPGSFNDYEELKYLLSSVKHFEKVKILPK-DRW-TQHTTT-GGSRACAV-SGNPSFFRNMVWLTKKGS--DYPVAKGSYNNTSGEQMLIIWGVHHPNDETEQRTLYQNVGTYVSVGTSTLNKRSTPEIATRPKVNGLGSRMEFSWTLLDMWDTINFESTGNLIAPEYGFKIS-KRGSSGIMKTEGTL-ENCETKCQTPLGAINTTLPFHNVHPLTIGECPRYVKSEKLVLATGLRNVP--
4hg4,GDQICIGYHANNSTEKVDTILERNVTVTHAKDILEKTHNGKLCKLNGIPPLELGDCSIAGWLLGNPECDRLLSVPEWSYIMEKENPRDGLCYPGSFNDYEELKYLLSSVKHFEKVKILPK-DRW-TQHTTT-GGSRACAV-SGNPSFFRNMVWLTKKGS--DYPVAKGSYNNTSGEQMLIIWGVHHPNDETEQRTLYQNVGTYVSVGTSTLNKRSTPEIATRPKVNGLGSRMEFSWTLLDMWDTINFESTGNLIAPEYGFKIS-KRGSSGIMKTEGTL-ENCETKCQTPLGAINTTLPFHNVHPLTIGECPRYVKSEKLVLATGLRNVP--
2wrf,---ICVGYHSNNSTEKVDTILERNVTVTHAQDILEKTHNGKLCKLNGIPPLELGDCSIAGWLLGNPECDRLLTVPEWSYIMEKENPRNGLCYPGSFNDYEELKHLISSVTHFEKVKILPK-DRW-TQHTTT-GGSQGCAV-FDNPSFFRNMVWLTKKGS--NYPVAKGSYNNTSGEQMLIIWGVHHPNDETEQRTLYQNVGAYVSVGTSTLNKRSLPEIATRPEVNGQGGRMEFSWTILDIWDTINFESTGNLIAPEYGFKIS-KRGSSGIMKTEGTL-ENCETKCQTPLGAINTTLPFHNIHPLTIGECPKYVKSERLVLATGLRNVP--
1rd8,EDTICIGYHANNSTDTVDTVLEKNVTVTHSVNLLEDSHNGKLCKLKGIAPLQLGKCNIAGWLLGNPECDLLLTASSWSYIVETSNSENGTCYPGDFIDYEELREQLSSVSSFEKFEIFPKTSSW-PNHETTKGVTAACSY-AGASSFYRNLLWLTKKGS--SYPKLSKSYVNNKGKEVLVLWGVHHPPTGTDQQSLYQNADAYVSVGSSKYNRRFTPEIAARPKVRDQAGRMNYYWTLLEPGDTITFEATGNLIAPWYAFALN-RGSGSGIITSDAPV-HDCNTKCQTPHGAINSSLPFQNIHPVTIGECPKYVRSTKLRMATGLRNIP--
3r2x,-DTICIGYHANNSTDTVDTVLEKNVTVTHSVNLLEDSHNGKLCKLKGIAPLQLGKCNIAGWLLGNPECDLLLTASSWSYIVETSNSENGTCYPGDFIDYEELREQLSSVSSFEKFEIFPKTSSW-PNHETTKGVTAACSY-AGASSFYRNLLWLTKKGS--SYPKLSKSYVNNKGKEVLVLWGVHHPPTGTDQQSLYQNADAYVSVGSSKYNRRFTPEIAARPKVRDQAGRMNYYWTLLEPGDTITFEATGNLIAPWYAFALN-RGSGSGIITSDAPV-HDCNTKCQTPHGAINSSLPFQNIHPVTIGECPKYVRSTKLRMATGLRNIP--
2wrg,-DTICIGYHANNSTDTVDTVLEKNVTVTHSVNLLEDSHNGKLCKLKGIAPLQLGKCNIAGWLLGNPECDLLLTASSWSYIVETSNSENGTCYPGDFIDYEELREQLSSVSSFEKFEIFPKTSSW-PNHETTKGVTAACSY-AGASSFYRNLLWLTKKGS--SYPKLSKSYVNNKGKEVLVLWGVHHPPTGTDQQSLYQNADAYVSVGSSKYNRRFTPEIAARPKVRDQAGRMNYYWTLLEPGDTITFEATGNLIAPWYAFALN-RGSGSGIITSDAPV-HDCNTKCQTPHGAINSSLPFQNIHPVTIGECPKYVRSTKLRMATGLRNIPSR
3lzf,-DTICIGYHANNSTDTVDTVLEKNVTVTHSVNLLEDSHNGKLCKLKGIAPLQLGKCNIAGWLLGNPECDLLLTASSWSYIVETSNSENGTCYPGDFIDYEELREQLSSVSSFEKFEIFPKTSSW-PNHETTKGVTAACSY-AGASSFYRNLLWLTKKGS--SYPKLSKSYVNNKGKEVLVLWGVHHPPTGTDQQSLYQNADAYVSVGSSKYNRRFTPEIAARPKVRDQAGRMNYYWTLLEPGDTITFEATGNLIAPWYAFALN-RGSGSGIITSDAPV-HDCNTKCQTPHGAINSSLPFQNIHPVTIGECPKYVRSTKLRMATGLRNIP--
3gbn,GDTICIGYHANNSTDTVDTVLEKNVTVTHSVNLLEDSHNGKLCKLKGIAPLQLGKCNIAGWLLGNPECDLLLTASSWSYIVETSNSENGTCYPGDFIDYEELREQLSSVSSFEKFEIFPKTSSW-PNHETTKGVTAACSY-AGASSFYRNLLWLTKKGS--SYPKLSKSYVNNKGKEVLVLWGVHHPPTGTDQQSLYQNADAYVSVGSSKYNRRFTPEIAARPKVRDQAGRMNYYWTLLEPGDTITFEATGNLIAPWYAFALN-RGSGSGIITSDAPV-HDCNTKCQTPHGAINSSLPFQNIHPVTIGECPKYVRSTKLRMATGLRNIP--
4eef,GDTICIGYHANNSTDTVDTVLEKNVTVTHSVNLLEDSHNGKLCKLKGIAPLQLGKCNIAGWLLGNPECDLLLTASSWSYIVETSNSENGTCYPGDFIDYEELREQLSSVSSFEKFEIFPKTSSW-PNHETTKGVTAACSY-AGASSFYRNLLWLTKKGS--SYPKLSKSYVNNKGKEVLVLWGVHHPPTGTDQQSLYQNADAYVSVGSSKYNRRFTPEIAARPKVRDQAGRMNYYWTLLEPGDTITFEATGNLIAPWYAFALN-RGSGSGIITSDAPV-HDCNTKCQTPHGAINSSLPFQNIHPVTIGECPKYVRSTKLRMATGLRNIP--
4gxu,GDTICIGYHANNSTDTVDTVLEKNVTVTHSVNLLEDSHNGKLCKLKGIAPLQLGKCNIAGWLLGNPECDLLLTASSWSYIVETSNSENGTCYPGDFIDYEELREQLSSVSSFEKFEIFPKTSSW-PNHETTKGVTAACSY-AGASSFYRNLLWLTKKGS--SYPKLSKSYVNNKGKEVLVLWGVHHPPTGTDQQSLYQNADAYVSVGSSKYNRRFTPEIAARPKVRDQAGRMNYYWTLLEPGDTITFEATGNLIAPWYAFALN-RGSGSGIITSDAPV-HDCNTKCQTPHGAINSSLPFQNIHPVTIGECPKYVRSTKLRMATGLRNIP--
4py8,GDTICIGYHANNSTDTVDTVLEKNVTVTHSVNLLEDSHNGKLCKLKGIAPLQLGKCNIAGWLLGNPECDLLLTASSWSYIVETSNSENGTCYPGDFIDYEELREQLSSVSSFEKFEIFPKTSSW-PNHETTKGVTAACSY-AGASSFYRNLLWLTKKGS--SYPKLSKSYVNNKGKEVLVLWGVHHPPTGTDQQSLYQNADAYVSVGSSKYNRRFTPEIAARPKVRDQAGRMNYYWTLLEPGDTITFEATGNLIAPWYAFALN-RGSGSGIITSDAPV-HDCNTKCQTPHGAINSSLPFQNIHPVTIGECPKYVRSTKLRMATGLRNIP--
4jug,-DTICIGYHANNSTDTVDTVLEKNVTVTHSVNLLEDSHNGKLCKLKGIAPLQLGKCNIAGWLLGNPECDLLLTASSWSYIVETSNSENGTCYPGDFIDYEELREQLSSVSSFEKFEIFPKTSSW-PNHETTKGVTAACSY-AGASSFYRNLLWLTKKGS--SYPKLSKSYVNNKGKEVLVLWGVHHPPTGTDQQSLYQNADAYVSVGSSKYNRRFTPEIAARPKVRGQAGRMNYYWTLLEPGDTITFEATGNLIAPWYAFALN-RGSGSGIITSDAPV-HDCNTKCQTPHGAINSSLPFQNIHPVTIGECPKYVRSTKLRMATGLRNIP--
4juh,-DTICIGYHANNSTDTVDTVLEKNVTVTHSVNLLEDSHNGKLCKLKGIAPLQLGKCNIAGWLLGNPECDLLLTASSWSYIVETSNSENGTCYPGDFIDYEELREQLSSVSSFEKFEIFPKTSSW-PNHETTKGVTAACSY-AGASSFYRNLLWLTKKGS--SYPKLSKSYVNNKGKEVLVLWGVHHPPTGTDQQSLYQNADAYVSVGSSKYNRRFTPEIAARPKVRGQAGRMNYYWTLLEPGDTITFEATGNLIAPWYAFALN-RGSGSGIITSDAPV-HDCNTKCQTPHGAINSSLPFQNIHPVTIGECPKYVRSTKLRMATGLRNIP--
4juj,-DTICIGYHANNSTDTVDTVLEKNVTVTHSVNLLEDSHNGKLCKLKGIAPLQLGKCNIAGWLLGNPECDLLLTASSWSYIVETSNSENGTCYPGDFIDYEELREQLSSVSSFEKFEIFPKTSSW-PNHETTKGVTAACSY-AGASSFYRNLLWLTKKGS--SYPKLSKSYVNNKGKEVLVLWGVHHPPTGTDQQSLYQNADAYVSVGSSKYNRRFTPEIAARPKVRGQAGRMNYYWTLLEPGDTITFEATGNLIAPWYAFALN-RGSGSGIITSDAPV-HDCNTKCQTPHGAINSSLPFQNIHPVTIGECPKYVRSTKLRMATGLRNIP--
4gxx,GDTICIGYHANNSTDTVDTVLEKNVTVTHSVNLLEDSHNGKLCKLKGIAPLQLGKCNIAGWLLGNPECDLLLTASSWSYIVETSNSENGTCYPGDFIDYEELREQLSSVSSFEKFEIFPKTSSW-PNHETTKGVTAACSY-AGASSFYRNLLWLTKKGS--SYPKLSKSYVNNKGKEVLVLWGVHHPPTGTEQQSLYQNADAYVSVGSSKYNRRFTPEIAARPKVRGQAGRMNYYWTLLEPGDTITFEATGNLIAPWYAFALN-RGSGSGIITSDAPV-HDCNTKCQTPHGAINSSLPFQNIHPVTIGECPKYVRSTKLRMATGLRNIP--
1rvt,-DTLCIGYHANNSTDTVDTVLEKNVTVTHSVNLLEDSHNGKLCRLGGIAPLQLGKCNIAGWLLGNPECDLLLTVSSWSYIVETSNSDNGTCYPGDFIDYEELREQLSSVSSFEKFEIFPKTSSW-PNHETTRGVTAACPY-AGASSFYRNLLWLVKKGN--SYPKLSKSYVNNKGKEVLVLWGVHHPPTSTDQQSLYQNADAYVSVGSSKYDRRFTPEIAARPKVRGQAGRMNYYWTLLEPGDTITFEATGNLVAPRYAFALN-RGSGSGIITSDAPV-HDCDTKCQTPHGAINSSLPFQNIHPVTIGECPKYVKSTKLRMATGLRNIP--
3hto,-DTICIGYHANNSTDTVDTVLEKNVTVTHSVNLLEDNHNGKLCKLNGIAPLQLGKCNVAGWLLGNPECDLLLTANSWSYIIETSNSENGTCYPGEFIDYEELREQLSSVSSFERFEIFPKASSW-PNHETTKGVTAACSY-FGASSFYRNLLWITKKGT--SYPKLSKSYTNNKGKEVLVLWGVHHPPTTSEQQTLYQNTDAYVSVGSSKYNRRFTPEIAARPKVRGQAGRMNYYWTLLDQGDTITFEATGNLIAPWYAFALN-KGSDSGIITSDAPV-HNCDTKCQTPHGAINSTLPFQNVHPITIGECPKYVKSTKLRMATGLRNIP--
3htp,-DTICIGYHANNSTDTVDTVLEKNVTVTHSVNLLEDNHNGKLCKLNGIAPLQLGKCNVAGWLLGNPECDLLLTANSWSYIIETSNSENGTCYPGEFIDYEELREQLSSVSSFERFEIFPKASSW-PNHETTKGVTAACSY-FGASSFYRNLLWITKKGT--SYPKLSKSYTNNKGKEVLVLWGVHHPPTTSEQQTLYQNTDAYVSVGSSKYNRRFTPEIAARPKVRGQAGRMNYYWTLLDQGDTITFEATGNLIAPWYAFALN-KGSDSGIITSDAPV-HNCDTKCQTPHGAINSTLPFQNVHPITIGECPKYVKSTKLRMATGLRNIP--
3htq,-DTICIGYHANNSTDTVDTVLEKNVTVTHSVNLLEDNHNGKLCKLNGIAPLQLGKCNVAGWLLGNPECDLLLTANSWSYIIETSNSENGTCYPGEFIDYEELREQLSSVSSFERFEIFPKASSW-PNHETTKGVTAACSY-FGASSFYRNLLWITKKGT--SYPKLSKSYTNNKGKEVLVLWGVHHPPTTSEQQTLYQNTDAYVSVGSSKYNRRFTPEIAARPKVRGQAGRMNYYWTLLDQGDTITFEATGNLIAPWYAFALN-KGSDSGIITSDAPV-HNCDTKCQTPHGAINSTLPFQNVHPITIGECPKYVKSTKLRMATGLRNIP--
3htt,-DTICIGYHANNSTDTVDTVLEKNVTVTHSVNLLEDNHNGKLCKLNGIAPLQLGKCNVAGWLLGNPECDLLLTANSWSYIIETSNSENGTCYPGEFIDYEELREQLSSVSSFERFEIFPKASSW-PNHETTKGVTAACSY-FGASSFYRNLLWITKKGT--SYPKLSKSYTNNKGKEVLVLWGVHHPPTTSEQQTLYQNTDAYVSVGSSKYNRRFTPEIAARPKVRGQAGRMNYYWTLLDQGDTITFEATGNLIAPWYAFALN-KGSDSGIITSDAPV-HNCDTKCQTPHGAINSTLPFQNVHPITIGECPKYVKSTKLRMATGLRNIP--
2wrh,-DTICVGYHANNSTDTVDTVLEKNVTVTHSVNLLEDSHNGKLCSL-GIAPLQLGKCNVAGWLLGNPECDLLLTANSWSYIIETSNSENGTCYPGEFIDYEELREQLSSVSSFEKFEIFPKASSW-PNHET-KGVTAACSY-SGASSFYRNLLWITKKGT--SYPKLSKSYTNNKGKEVLVLWGVHHPPSVSEQQSLYQNADAYVSVGSSKYNRRFAPEIAARPKVRGQAGRMNYYWTLLDQGDTITFEATGNLIAPWYAFALN-KGSDSGIITSDAPV-HNCDTRCQTPHGALNSSLPFQNVHPITIGECPKYVKSTKLRMATGLRNVP--
3mlh,------------------------------------------------APLHLGKCNIAGWILGNPECESLSTASSWSYIVETSSSDNGTCYPGDFIDYEELREQLSSVSSFERFEIFPKTSSW-PNHDSNKGVTAACPH-AGAKSFYKNLIWLVKKGN--SYPKLSKSYINDKGKEVLVLWGIHHPSTSADQQSLYQNADAYVFVGSSRYSKKFKPEIAIRPKVRDQEGRMNYYWTLVEPGDKITFEATGNLVVPRYAFAME-R------------------------------------------------------------------
4f15,-------------------------------------------KLRGVAPLHLGKCNIAGWILGNPECESLSTASSWSYIVETSSSDNGTCYPGDFIDYEELREQLSSVSSFERFEIFPKTSSW-PNHDSNKGVTAACPH-AGAKSFYKNLIWLVKKGN--SYPKLSKSYINDKGKEVLVLWGIHHPSTSADQQSLYQNADAYVFVGSSRYSKKFKPEIAIRPKVRDQEGRMNYYWTLVEPGDKITFEATGNLVVPRYAFAME-RNAGSG-------------------------------------------------------------
3uyw,------------------------------------------------APLHLGKCNIAGWILGNPECESLSTASSWSYIVETPSSDNGTCYPGDFIDYEELREQLSSVSSFERFEIFPKTSSW-PNHDSNKGVTAACPH-AGAKSFYKNLIWLVKKGN--SYPKLSKSYINDKGKEVLVLWGIHHPSTSADQQSLYQNADTYVFVGSSRYSKKFKPEIAIRPKVRDQEGRMNYYWTLVEPGDKITFEATGNLVVPRYAFAME-RNA----------------------------------------------------------------
4lvh,-------------------------------------------------PLHLGKCNIAGWILGNPECESLSTASSWSYIVETSSSDNGTCYPGDFIDYEELREQLSSVSSFERFEIFPKTSSW-PNHDSNKGVTAACPH-AGAKSFYKNLIWLVKKGN--SYPKLSKSYINDKGKEVLVLWGIHHPSTSADQQSLYQNADAYVFVGSSRYSKKFKPEIAIRPKVRDQEGRMNYYWTLVEPGDKITFEATGNLVVPRYAFAME-RNAGSGIIISDT-------------------------------------------------------
3uyx,------------------------------------------------APLHLGKCNIAGWILGNPECESLSTASSWSYIVETPSSDNGTCYPGDFIDYEELREQLSSVSSFERFEIFPKTSSW-PNHDSNKGVTAACPH-AGAKSFYKNLIWLVKKGN--SYPKLSKSYINDKGKEVLVLWGIHHPSTSADQQSLYQNADTYVFVGSSRYSKKFKPEIAIRPKVRGQEGRMNYYWTLVEPGDKITFEATGNLVVPRYAFAME-R------------------------------------------------------------------
4m5z,----------------------------------------------GVAPLHLGKCNIAGWILGNPECE---TASSWSYIVET--SDNGTCYPGDFIDYEELREQLSSVSSFERFEIFPKTSSW-PNHDSNKGVTAACPH-AGAKSFYKNLIWLVKKGN--SYPKLSKSYINDKGKEVLVLWGIHHPSTSADQQSLYQNADAYVFVGSSRYSKKFKPEIAIRPKVRDQEGRMNYYWTLVEPGDKITFEATGNLVVPRYAFAME-RN-----------------------------------------------------------------
4eda,-DTLCIGYHANNSTDTVDTVLEKNVTVTHSVNLLEDKHNGKLCKLRGVAPLHLGKCNIAGWILGNPECESLSTASSWSYIVETSSSDNGTCYPGDFIDYEELREQLSSVSSFERFEIFPKTSSW-PNHDSNKGVTAACPH-AGAKSFYKNLIWLVKKGN--SYPKLSKSYINDKGKEVLVLWGIHHPSTSADQQSLYQNADAYVFVGSSRYSKKFKPEIAIRPKVRDQEGRMNYYWTLVEPGDKITFEATGNLVVPRYAFAME-RNAGSGIIISDTPV-HDCNTTCQTPKGAINTSLPFQNIHPITIGKCPKYVKSTKLRLATGLRNV---
3al4,-DTLCIGYHANNSTDTVDTVLEKNVTVTHSVNLLEDKHNGKLCKLRGVAPLHLGKCNIAGWILGNPECESLSTASSWSYIVETPSSDNGTCYPGDFIDYEELREQLSSVSSFERFEIFPKTSSW-PNHDSNKGVTAACPH-AGAKSFYKNLIWLVKKGN--SYPKLSKSYINDKGKEVLVLWGIHHPSTSADQQSLYQNADTYVFVGSSRYSKKFKPEIAIRPKVRDQEGRMNYYWTLVEPGDKITFEATGNLVVPRYAFAME-RNAGSGIIISDTPV-HDCNTTCQTPKGAINTSLPFQNIHPITIGKCPKYVKSTKLRLATGLRNI---
4jtv,-DTLCIGYHANNSTDTVDTVLEKNVTVTHSVNLLEDKHNGKLCKLRGVAPLHLGKCNIAGWILGNPECESLSTASSWSYIVETPSSDNGTCYPGDFIDYEELREQLSSVSSFERFEIFPKTSSW-PNHDSNKGVTAACPH-AGAKSFYKNLIWLVKKGN--SYPKLSKSYINDKGKEVLVLWGIHHPSTSADQQSLYQNADTYVFVGSSRYSKKFKPEIAIRPKVRDQEGRMNYYWTLVEPGDKITFEATGNLVVPRYAFAME-RNAGSGIIISDTPV-HDCNTTCQTPKGAINTSLPFQNIHPITIGKCPKYVKSTKLRLATGLRNI---
3lzg,-DTLCIGYHANNSTDTVDTVLEKNVTVTHSVNLLEDKHNGKLCKLRGVAPLHLGKCNIAGWILGNPECESLSTASSWSYIVETPSSDNGTCYPGDFIDYEELREQLSSVSSFERFEIFPKTSSW-PNHDSNKGVTAACPH-AGAKSFYKNLIWLVKKGN--SYPKLSKSYINDKGKEVLVLWGIHHPSTSADQQSLYQNADTYVFVGSSRYSKKFKPEIAIRPKVRDQEGRMNYYWTLVEPGDKITFEATGNLVVPRYAFAME-RNAGSGIIISDTPV-HDCNTTCQTPKGAINTSLPFQNIHPITIGKCPKYVKSTKLRLATGLRNIP--
3ube,-DTLCIGYHANNSTDTVDTVLEKNVTVTHSVNLLEDKHNGKLCKLRGVAPLHLGKCNIAGWILGNPECESLSTASSWSYIVETPSSDNGTCYPGDFIDYEELREQLSSVSSFERFEIFPKTSSW-PNHDSNKGVTAACPH-AGAKSFYKNLIWLVKKGN--SYPKLSKSYINDKGKEVLVLWGIHHPSTSADQQSLYQNADTYVFVCSSRYSKKFKPEIAICPKVRDQEGRMNYYWTLVEPGDKITFEATGNLVVPRYAFAME-RNAGSGIIISDTPV-HDCNTTCQTPKGAINTSLPFQNIHPITIGKCPKYVKSTKLRLATGLRNIP--
3ubj,-DTLCIGYHANNSTDTVDTVLEKNVTVTHSVNLLEDKHNGKLCKLRGVAPLHLGKCNIAGWILGNPECESLSTASSWSYIVETPSSDNGTCYPGDFIDYEELREQLSSVSSFERFEIFPKTSSW-PNHDSNKGVTAACPH-AGAKSFYKNLIWLVKKGN--SYPKLSKSYINDKGKEVLVLWGIHHPSTSADQQSLYQNADTYVFVCSSRYSKKFKPEIAICPKVRDQEGRMNYYWTLVEPGDKITFEATGNLVVPRYAFAME-RNAGSGIIISDTPV-HDCNTTCQTPKGAINTSLPFQNIHPITIGKCPKYVKSTKLRLATGLRNIP--
3ubn,-DTLCIGYHANNSTDTVDTVLEKNVTVTHSVNLLEDKHNGKLCKLRGVAPLHLGKCNIAGWILGNPECESLSTASSWSYIVETPSSDNGTCYPGDFIDYEELREQLSSVSSFERFEIFPKTSSW-PNHDSNKGVTAACPH-AGAKSFYKNLIWLVKKGN--SYPKLSKSYINDKGKEVLVLWGIHHPSTSADQQSLYQNADTYVFVCSSRYSKKFKPEIAICPKVRDQEGRMNYYWTLVEPGDKITFEATGNLVVPRYAFAME-RNAGSGIIISDTPV-HDCNTTCQTPKGAINTSLPFQNIHPITIGKCPKYVKSTKLRLATGLRNIP--
3ubq,-DTLCIGYHANNSTDTVDTVLEKNVTVTHSVNLLEDKHNGKLCKLRGVAPLHLGKCNIAGWILGNPECESLSTASSWSYIVETPSSDNGTCYPGDFIDYEELREQLSSVSSFERFEIFPKTSSW-PNHDSNKGVTAACPH-AGAKSFYKNLIWLVKKGN--SYPKLSKSYINDKGKEVLVLWGIHHPSTSADQQSLYQNADTYVFVCSSRYSKKFKPEIAICPKVRDQEGRMNYYWTLVEPGDKITFEATGNLVVPRYAFAME-RNAGSGIIISDTPV-HDCNTTCQTPKGAINTSLPFQNIHPITIGKCPKYVKSTKLRLATGLRNIP--
4m4y,GDTLCIGYHANNSTDTVDTVLEKNVTVTHSVNLLEDKHNGKLCKLRGVAPLHLGKCNIAGWILGNPECESLSTASSWSYIVETPSSDNGTCYPGDFIDYEELREQLSSVSSFERFEIFPKTSSW-PNHDSNKGVTAACPH-AGAKSFYKNLIWLVKKGN--SYPKLSKSYINDKGKEVLVLWGIHHPSTSADQQSLYQNADTYVFVGSSRYSKKFKPEIAIRPKVRDQEGRMNYYWTLVEPGDKITFEATGNLVVPRYAFAME-RNAGSGIIISDTPV-HDCNTTCQTPKGAINTSLPFQNIHPITIGKCPKYVKSTKLRLATGLRNIP--
4jtx,RDTLCIGYHANNSTDTVDTVLEKNVTVTHSVNLLEDKHNGKLCKLRGVAPLHLGKCNIAGWILGNPECESLSTASSWSYIVETPSSDNGTCYPGDFIDYEELREQLSSVSSFERFEIFPKTSSW-PNHDSNKGVTAACPH-AGAKSFYKNLIWLVKKGN--SYPKLSKSYINDKGKEVLVLWGIHHPSTSADQQSLYQNADTYVFVGSSRYSKKFKPEIAIRPKVREQEGRMNYYWTLVEPGDKITFEATGNLVVPRYAFAME-RNAGSGIIISDTPV-HDCNTTCQTPKGAINTSLPFQNIHPITIGKCPKYVKSTKLRLATGLRNIP--
4ju0,-DTLCIGYHANNSTDTVDTVLEKNVTVTHSVNLLEDKHNGKLCKLRGVAPLHLGKCNIAGWILGNPECESLSTASSWSYIVETPSSDNGTCYPGDFIDYEELREQLSSVSSFERFEIFPKTSSW-PNHDSNKGVTAACPH-AGAKSFYKNLIWLVKKGN--SYPKLSKSYINDKGKEVLVLWGIHHPSTSADQQSLYQNADTYVFVGSSRYSKKFKPEIAIRPKVREQEGRMNYYWTLVEPGDKITFEATGNLVVPRYAFAME-RNAGSGIIISDTPV-HDCNTTCQTPKGAINTSLPFQNIHPITIGKCPKYVKSTKLRLATGLRNIP--
3m6s,GDTLCIGYHANNSTDTVDTVLEKNVTVTHSVNLLEDKHNGKLCKLRGVAPLHLGKCNIAGWILGNPECESLSTASSWSYIVETSSSDNGTCYPGDFIDYEELREQLSSVSSFERFEIFPKTSSW-PNHDSNKGVTAACPH-AGAKSFYKNLIWLVKKGN--SYPKLSKSYINDKGKEVLVLWGIHHPSTSADQQSLYQNADAYVFVGTSKYSKKFKPEIAIRPKVRDQEGRMNYYWTLVEPGDKITFEATGNLVVPRYAFAME-RNAGSGIIISDTPV-HDCNTTCQTPKGAINTSLPFQNIHPITIGKCPKYVKSTKLRLATGLRNVP--
4lxv,SDTLCIGYHANNSTDTVDTVLEKNVTVTHSVNLLEDKHNGKLCKLRGVAPLHLGKCNIAGWILGNPECESLSTASSWSYIVETSSSDNGTCYPGDFIDYEELREQLSSVSSFERFEIFPKTSSW-PNHDSNKGVTAACPH-AGAKGFYKNLIWLVKKGN--SYPKLSKSYINDKGKEVLVLWGIHHPSTTADQQSLYQNADTYVFVGTSRYSKKFKPEIAIRPKVRDQEGRMNYYWTLVEPGDKITFEATGNLVVPRYAFAME-RNAGSGIIISDTPV-HDCNTTCQTPKGAINTSLPFQNIHPITIGKCPKYVKSTKLRLATGLRNVP--
4f3z,GDTLCIGYHANNSTDTVDTVLEKNVTVTHSVNLLEDRHNGKLCKLRGVAPLHLGKCNIAGWLLGNPECES---ASSWSYIVETSSSDNGTCYPGDFINYEELREQLSSVSSFERFEIFPKTSSW-PNHDTNRGVTAACPY-AGAKSFYRNLIWLVKKEN--SYPKLSKSYINNKGKEVLVLWGIHHPSTSADQQSLYQNADAYVFVCSSRYSKKFKPEIAACPKVRDQAGRINYYWTLVEPGDKITFEATGNLVVPRYAFAME-RNSGSGIIISDTSV-HDCNTTCQTPKGAINTSLPFQNIHPVTIGECPKYVKSTKLRMATGLRNVP--
1ru7,-DTICIGYHANNSTDTVDTVLEKNVTVTHSVNLLEDSHNGKLCRLKGIAPLQLGKCNIAGWLLGNPECDPLLPVRSWSYIVETPNSENGICYPGDFIDYEELREQLSSVSSFERFEIFPKESSW-PNHNT-NGVTAACSH-EGKSSFYRNLLWLTEKEG--SYPKLKNSYVNKKGKEVLVLWGIHHPPNSKEQQNLYQNENAYVSVVTSNYNRRFTPEIAERPKVRDQAGRMNYYWTLLKPGDTIIFEANGNLIAPMYAFALR-RGFGSGIITSNASM-HECNTKCQTPLGAINSSLPYQNIHPVTIGECPKYVRSAKLRMVTGLRNIP--
1rvx,-DTICIGYHANNSTDTVDTVLEKNVTVTHSVNLLEDSHNGKLCRLKGIAPLQLGKCNIAGWLLGNPECDPLLPVRSWSYIVETPNSENGICYPGDFIDYEELREQLSSVSSFERFEIFPKESSW-PNHNT-NGVTAACSH-EGKSSFYRNLLWLTEKEG--SYPKLKNSYVNKKGKEVLVLWGIHHPPNSKEQQNLYQNENAYVSVVTSNYNRRFTPEIAERPKVRDQAGRMNYYWTLLKPGDTIIFEANGNLIAPMYAFALR-RGFGSGIITSNASM-HECNTKCQTPLGAINSSLPYQNIHPVTIGECPKYVRSAKLRMVTGLRNIP--
1rvz,-DTICIGYHANNSTDTVDTVLEKNVTVTHSVNLLEDSHNGKLCRLKGIAPLQLGKCNIAGWLLGNPECDPLLPVRSWSYIVETPNSENGICYPGDFIDYEELREQLSSVSSFERFEIFPKESSW-PNHNT-NGVTAACSH-EGKSSFYRNLLWLTEKEG--SYPKLKNSYVNKKGKEVLVLWGIHHPPNSKEQQNLYQNENAYVSVVTSNYNRRFTPEIAERPKVRDQAGRMNYYWTLLKPGDTIIFEANGNLIAPMYAFALR-RGFGSGIITSNASM-HECNTKCQTPLGAINSSLPYQNIHPVTIGECPKYVRSAKLRMVTGLRNIP--
3sm5,EDTICIGYHANNSTDTVDTVLEKNVTVTHSVNLLEDSHNGKLCLLKGIAPLQLGNCSVAGWILGNPECELLISRESWSYIVEKPNPENGTCYPGHFADYEELREQLSSVSSFERFEIFPKESSW-PNHTT-TGVSASCSH-NGESSFYKNLLWLTGKNG--LYPNLSKSYANNKEKEVLVLWGVHHPPNIGDQRALYHTENAYVSVVSSHYSRKFTPEIAKRPKVRDREGRINYYWTLLEPGDTIIFEANGNLIAPRYAFALS-RGFGSGIINSNAPM-DECDAKCQTPQGAINSSLPFQNVHPVTIGECPKYVRSAKLRMVTGLRNIP--
4edb,-DTICIGYHANNSTDTVDTVLEKNVTVTHSVNLLEDSHNGKLCLLKGIAPLQLGNCSVAGWILGNPECELLISKESWSYIVEKPNPENGTCYPGHFADYEELREQLSSVSSFERFEMFPKESSW-PNHTV-TGVSASCSH-NGKSSFYKNLLWLTGKNG--LYPNLSKSYANNKEKEVLVLWGVHHPPNIGDQRALYHTENAYVSVVSSHYSRKFTPEIAKRPKVRDQEGRINYYWTLLEPGDTIIFEANGNLIAPRYAFALS-RGFGSGIINSNAPM-DECDAKCQTPQGAINSSLPFQNVHPVTIGECPKYVRSAKLRMVTGLRNIP--
4h32,QDRICIGYQANQNNQTVNTLLEQNVPVTGAQEILETNHNGKLCSLNGVPPLDLQSCTLAGWLLGNPNCDNLLEAEEWSYIKINENAPDDLCFPGNFENLQDLLLEMSGVQNFTKVKLFNP-QSM-T-GVTTNNVDQTCPF-EGKPSFYRNLNWIQGN-S--GLP-FNIEIKNPTSNPLLLLWGIHNTKDAAQQRNLYGNDYSYTIFNFGEKSEEFRPDIGQRDEIKAHQDRIDYYWGSLPAQSTLRIESTGNLIAPEYGFYYKRKEGKGGLMKSKLPI-SDCSTKCQTPLGALNSTLPFQNVHQQTIGNCPKYVKATSLMLATGLRNNP--
4i78,-DRICIGYQANQNNQTVNTLLEQNVPVTGAQEILETNHNGKLCSLNGVPPLDLQSCTLAGWLLGNPNCDNLLEAEEWSYIKINENAPDDLCFPGNFENLQDLLLEMSGVQNFTKVKLFNP-QSM-T-GVTTNNVDQTCPF-EGKPSFYRNLNWIQGN-S--GLP-FNIEIKNPTSNPLLLLWGIHNTKDAAQQRNLYGNDYSYTIFNFGEKSEEFRPDIGQRDEIKAHQDRIDYYWGSLPAQSTLRIESTGNLIAPEYGFYYKRKEGKGGLMKSKLPI-SDCSTKCQTPLGALNSTLPFQNVHQQTIGNCPKYVKATSLMLATGLRNNP--
1jsd,-DKICIGYQSTNSTETVDTLTETNVPVTHAKELLHTSHNGMLCATNLGHPLILDTCTIEGLIYGNPSCDLLLGGREWSYIVERPSAVNGMCYPGNVENLEELRSLFSSASSYQRIQIFPD-TIW-N--VSYSGTSSAC-----SDSFYRSMRWLTQKNN--AYPIQDAQYTNNRGKSILFMWGINHPPTDTVQTNLYTRTDTTTSVTTEDINRTFKPVIGPRPLVNGLHGRIDYYWSVLKPGQTLRVRSNGNLIAPWYGHILS-GESHGRILKTDLNS-GNCVVQCQTERGGLNTTLPFHNVSKYAFGNCPKYVGVKSLKLAVGLRNVP--
1jsh,-DKICIGYQSTNSTETVDTLTETNVPVTHAKELLHTSHNGMLCATNLGHPLILDTCTIEGLIYGNPSCDLLLGGREWSYIVERPSAVNGMCYPGNVENLEELRSLFSSASSYQRIQIFPD-TIW-N--VSYSGTSSAC-----SDSFYRSMRWLTQKNN--AYPIQDAQYTNNRGKSILFMWGINHPPTDTVQTNLYTRTDTTTSVTTEDINRTFKPVIGPRPLVNGLHGRIDYYWSVLKPGQTLRVRSNGNLIAPWYGHILS-GESHGRILKTDLNS-GNCVVQCQTERGGLNTTLPFHNVSKYAFGNCPKYVGVKSLKLAVGLRNVP--
1jsi,-DKICIGYQSTNSTETVDTLTETNVPVTHAKELLHTSHNGMLCATNLGHPLILDTCTIEGLIYGNPSCDLLLGGREWSYIVERPSAVNGMCYPGNVENLEELRSLFSSASSYQRIQIFPD-TIW-N--VSYSGTSSAC-----SDSFYRSMRWLTQKNN--AYPIQDAQYTNNRGKSILFMWGINHPPTDTVQTNLYTRTDTTTSVTTEDINRTFKPVIGPRPLVNGLHGRIDYYWSVLKPGQTLRVRSNGNLIAPWYGHILS-GESHGRILKTDLNS-GNCVVQCQTERGGLNTTLPFHNVSKYAFGNCPKYVGVKSLKLAVGLRNVP--
4f23,QDKICIGYLSNNSTDTVDTLTENGVPVTSSIDLVETNHTGTYCSLNGVSPIHLGDCSFEGWIVGNPSCASNINIREWSYLIEDPNAPHKLCFPGEVDNNGELRHLFSGVNSFSRTELIPP-SKW-G--DILEGTTASCQ-NRGANSFYRNLIWLVNKLN--KYPVVKGEYNNTTGRDVLVLWGIHHPDTEATANKLYVNKNPYTLVSTKEWSRRYELEIGTRIG-DGQRSWMKIYWHLMHPGERITFESSGGLLAPRYGYIIE-KYGTGRIFQSGVRL-AKCNTKCQTSMGGINTNKTFQNIERNALGDCPKYIKSGQLKLATGLRNVP--
4fiu,QDKICIGYLSNNSTDTVDTLTENGVPVTSSIDLVETNHTGTYCSLNGVSPIHLGDCSFEGWIVGNPSCASNINIREWSYLIEDPNAPHKLCFPGEVDNNGELRHLFSGVNSFSRTELIPP-SKW-G--DILEGTTASCQ-NRGANSFYRNLIWLVNKLN--KYPVVKGEYNNTTGRDVLVLWGIHHPDTEATANKLYVNKNPYTLVSTKEWSRRYELEIGTRIG-DGQRSWMKIYWHLMHPGERITFESSGGLLAPRYGYIIE-KYGTGRIFQSGVRL-AKCNTKCQTSMGGINTNKTFQNIERNALGDCPKYIKSGQLKLATGLRNVP--
4kpq,QDRICVGYLSTNSSERVDTLLENGVPVTSSIDLIETNHTGTYCSLNGVSPVHLGDCSFEGWIVGNPACTSNFGIREWSYLIEDPAAPHGLCYPGELNNNGELRHLFSGIRSFSRTELIPP-TSW-G--EVLDGTTSACRDNTGTNSFYRNLVWFIKKNN--RYPVISKTYNNTTGRDVLVLWGIHHPVSVDETKTLYVNSDPYTLVSTKSWSEKYKLETGVRPGYNGQRSWMKIYWSLIHPGEMITFESNGGFLAPRYGYIIE-EYGKGRIFQSRIRM-SRCNTKCQTSVGGINTNRTFQNIDKNALGDCPKYIKSGQLKLATGLRNVP--
4kps,QDRICVGYLSTNSSERVDTLLENGVPVTSSIDLIETNHTGTYCSLNGVSPVHLGDCSFEGWIVGNPACTSNFGIREWSYLIEDPAAPHGLCYPGELNNNGELRHLFSGIRSFSRTELIPP-TSW-G--EVLDGTTSACRDNTGTNSFYRNLVWFIKKNN--RYPVISKTYNNTTGRDVLVLWGIHHPVSVDETKTLYVNSDPYTLVSTKSWSEKYKLETGVRPGYNGQRSWMKIYWSLIHPGEMITFESNGGFLAPRYGYIIE-EYGKGRIFQSRIRM-SRCNTKCQTSVGGINTNRTFQNIDKNALGDCPKYIKSGQLKLATGLRNVP--
1eo8,TATLCLGHHAVPNGTLVKTITDDQIEVTNATELVQSSSTGKICNN-PHRILDGIDCTLIDALLGDPHCDVFQNE-TWDLFVERSKAFS-NCYPYDVPDYASLRSLVASSGTLEFITEG---FTW-T-GVTQNGGSNACKR-GPGSGFFSRLNWLTKSGS--TYPVLNVTMPNNDNFDKLYIWGIHHPSTNQEQTSLYVQASGRVTVSTRRSQQTIIPNIGSRPWVRGLSSRISIYWTIVKPGDVLVINSNGNLIAPRGYFKM--RTGKSSIMRSDAPI-DTCISECITPNGSIPNDKPFQNVNKITYGACPKYVKQNTLKLATGMRNVP--
1ha0,TATLCLGHHAVPNGTLVKTITDDQIEVTNATELVQSSSTGKICNN-PHRILDGIDCTLIDALLGDPHCDVFQNE-TWDLFVERSKAFS-NCYPYDVPDYASLRSLVASSGTLEFITEG---FTW-T-GVTQNGGSNACKR-GPGSGFFSRLNWLTKSGS--TYPVLNVTMPNNDNFDKLYIWGIHHPSTNQEQTSLYVQASGRVTVSTRRSQQTIIPNIGSRPWVRGLSSRISIYWTIVKPGDVLVINSNGNLIAPRGYFKM--RTGKSSIMRSDAPI-DTCISECITPNGSIPNDKPFQNVNKITYGACPKYVKQNTLKLATGMRNVP--
1hgf,TATLCLGHHAVPNGTLVKTITDDQIEVTNATELVQSSSTGKICNN-PHRILDGIDCTLIDALLGDPHCDVFQNE-TWDLFVERSKAFS-NCYPYDVPDYASLRSLVASSGTLEFITEG---FTW-T-GVTQNGGSNACKR-GPGSGFFSRLNWLTKSGS--TYPVLNVTMPNNDNFDKLYIWGIHHPSTNQEQTSLYVQASGRVTVSTRRSQQTIIPNIGSRPWVRGLSSRISIYWTIVKPGDVLVINSNGNLIAPRGYFKM--RTGKSSIMRSDAPI-DTCISECITPNGSIPNDKPFQNVNKITYGACPKYVKQNTLKLATGMRNVP--
1hgg,TATLCLGHHAVPNGTLVKTITDDQIEVTNATELVQSSSTGKICNN-PHRILDGIDCTLIDALLGDPHCDVFQNE-TWDLFVERSKAFS-NCYPYDVPDYASLRSLVASSGTLEFITEG---FTW-T-GVTQNGGSNACKR-GPGSGFFSRLNWLTKSGS--TYPVLNVTMPNNDNFDKLYIWGIHHPSTNQEQTSLYVQASGRVTVSTRRSQQTIIPNIGSRPWVRGLSSRISIYWTIVKPGDVLVINSNGNLIAPRGYFKM--RTGKSSIMRSDAPI-DTCISECITPNGSIPNDKPFQNVNKITYGACPKYVKQNTLKLATGMRNVP--
1hgh,TATLCLGHHAVPNGTLVKTITDDQIEVTNATELVQSSSTGKICNN-PHRILDGIDCTLIDALLGDPHCDVFQNE-TWDLFVERSKAFS-NCYPYDVPDYASLRSLVASSGTLEFITEG---FTW-T-GVTQNGGSNACKR-GPGSGFFSRLNWLTKSGS--TYPVLNVTMPNNDNFDKLYIWGIHHPSTNQEQTSLYVQASGRVTVSTRRSQQTIIPNIGSRPWVRGLSSRISIYWTIVKPGDVLVINSNGNLIAPRGYFKM--RTGKSSIMRSDAPI-DTCISECITPNGSIPNDKPFQNVNKITYGACPKYVKQNTLKLATGMRNVP--
1hgi,TATLCLGHHAVPNGTLVKTITDDQIEVTNATELVQSSSTGKICNN-PHRILDGIDCTLIDALLGDPHCDVFQNE-TWDLFVERSKAFS-NCYPYDVPDYASLRSLVASSGTLEFITEG---FTW-T-GVTQNGGSNACKR-GPGSGFFSRLNWLTKSGS--TYPVLNVTMPNNDNFDKLYIWGIHHPSTNQEQTSLYVQASGRVTVSTRRSQQTIIPNIGSRPWVRGLSSRISIYWTIVKPGDVLVINSNGNLIAPRGYFKM--RTGKSSIMRSDAPI-DTCISECITPNGSIPNDKPFQNVNKITYGACPKYVKQNTLKLATGMRNVP--
1hgj,TATLCLGHHAVPNGTLVKTITDDQIEVTNATELVQSSSTGKICNN-PHRILDGIDCTLIDALLGDPHCDVFQNE-TWDLFVERSKAFS-NCYPYDVPDYASLRSLVASSGTLEFITEG---FTW-T-GVTQNGGSNACKR-GPGSGFFSRLNWLTKSGS--TYPVLNVTMPNNDNFDKLYIWGIHHPSTNQEQTSLYVQASGRVTVSTRRSQQTIIPNIGSRPWVRGLSSRISIYWTIVKPGDVLVINSNGNLIAPRGYFKM--RTGKSSIMRSDAPI-DTCISECITPNGSIPNDKPFQNVNKITYGACPKYVKQNTLKLATGMRNVP--
1ken,TATLCLGHHAVPNGTLVKTITDDQIEVTNATELVQSSSTGKICNN-PHRILDGIDCTLIDALLGDPHCDVFQNE-TWDLFVERSKAFS-NCYPYDVPDYASLRSLVASSGTLEFITEG---FTW-T-GVTQNGGSNACKR-GPGSGFFSRLNWLTKSGS--TYPVLNVTMPNNDNFDKLYIWGIHHPSTNQEQTSLYVQASGRVTVSTRRSQQTIIPNIGSRPWVRGLSSRISIYWTIVKPGDVLVINSNGNLIAPRGYFKM--RTGKSSIMRSDAPI-DTCISECITPNGSIPNDKPFQNVNKITYGACPKYVKQNTLKLATGMRNVP--
1qfu,TATLCLGHHAVPNGTLVKTITDDQIEVTNATELVQSSSTGKICNN-PHRILDGIDCTLIDALLGDPHCDVFQNE-TWDLFVERSKAFS-NCYPYDVPDYASLRSLVASSGTLEFITEG---FTW-T-GVTQNGGSNACKR-GPGSGFFSRLNWLTKSGS--TYPVLNVTMPNNDNFDKLYIWGIHHPSTNQEQTSLYVQASGRVTVSTRRSQQTIIPNIGSRPWVRGLSSRISIYWTIVKPGDVLVINSNGNLIAPRGYFKM--RTGKSSIMRSDAPI-DTCISECITPNGSIPNDKPFQNVNKITYGACPKYVKQNTLKLATGMRNVP--
2ypg,TATLCLGHHAVPNGTLVKTITDDQIEVTNATELVQSSSTGKICNN-PHRILDGIDCTLIDALLGDPHCDVFQNE-TWDLFVERSKAFS-NCYPYDVPDYASLRSLVASSGTLEFITEG---FTW-T-GVTQNGGSNACKR-GPGSGFFSRLNWLTKSGS--TYPVLNVTMPNNDNFDKLYIWGIHHPSTNQEQTSLYVQASGRVTVSTRRSQQTIIPNIGSRPWVRGLSSRISIYWTIVKPGDVLVINSNGNLIAPRGYFKM--RTGKSSIMRSDAPI-DTCISECITPNGSIPNDKPFQNVNKITYGACPKYVKQNTLKLATGMRNVP--
3eym,TATLCLGHHAVPNGTLVKTITDDQIEVTNATELVQSSSTGKICNN-PHRILDGIDCTLIDALLGDPHCDVFQNE-TWDLFVERSKAFS-NCYPYDVPDYASLRSLVASSGTLEFITEG---FTW-T-GVTQNGGSNACKR-GPGSGFFSRLNWLTKSGS--TYPVLNVTMPNNDNFDKLYIWGIHHPSTNQEQTSLYVQASGRVTVSTRRSQQTIIPNIGSRPWVRGLSSRISIYWTIVKPGDVLVINSNGNLIAPRGYFKM--RTGKSSIMRSDAPI-DTCISECITPNGSIPNDKPFQNVNKITYGACPKYVKQNTLKLATGMRNVP--
3ztj,TATLCLGHHAVPNGTLVKTITDDQIEVTNATELVQSSSTGKICNN-PHRILDGIDCTLIDALLGDPHCDVFQNE-TWDLFVERSKAFS-NCYPYDVPDYASLRSLVASSGTLEFITEG---FTW-T-GVTQNGGSNACKR-GPGSGFFSRLNWLTKSGS--TYPVLNVTMPNNDNFDKLYIWGIHHPSTNQEQTSLYVQASGRVTVSTRRSQQTIIPNIGSRPWVRGLSSRISIYWTIVKPGDVLVINSNGNLIAPRGYFKM--RTGKSSIMRSDAPI-DTCISECITPNGSIPNDKPFQNVNKITYGACPKYVKQNTLKLATGMRNVP--
5hmg,TATLCLGHHAVPNGTLVKTITDDQIEVTNATELVQSSSTGKICNN-PHRILDGIDCTLIDALLGDPHCDVFQNE-TWDLFVERSKAFS-NCYPYDVPDYASLRSLVASSGTLEFITEG---FTW-T-GVTQNGGSNACKR-GPGSGFFSRLNWLTKSGS--TYPVLNVTMPNNDNFDKLYIWGIHHPSTNQEQTSLYVQASGRVTVSTRRSQQTIIPNIGSRPWVRGLSSRISIYWTIVKPGDVLVINSNGNLIAPRGYFKM--RTGKSSIMRSDAPI-DTCISECITPNGSIPNDKPFQNVNKITYGACPKYVKQNTLKLATGMRNVP--
1hgd,TATLCLGHHAVPNGTLVKTITDDQIEVTNATELVQSSSTGKICNN-PHRILDGIDCTLIDALLGDPHCDVFQNE-TWDLFVERSKAFS-NCYPYDVPDYASLRSLVASSGTLEFITEG---FTW-T-GVTQNGRSNACKR-GPGSGFFSRLNWLTKSGS--TYPVLNVTMPNNDNFDKLYIWGIHHPSTNQEQTSLYVQASGRVTVSTRRSQQTIIPNIGSRPWVRGLSSRISIYWTIVKPGDVLVINSNGNLIAPRGYFKM--RTGKSSIMRSDAPI-DTCISECITPNGSIPNDKPFQNVNKITYGACPKYVKQNTLKLATGMRNVP--
1hge,TATLCLGHHAVPNGTLVKTITDDQIEVTNATELVQSSSTGKICNN-PHRILDGIDCTLIDALLGDPHCDVFQNE-TWDLFVERSKAFS-NCYPYDVPDYASLRSLVASSGTLEFITEG---FTW-T-GVTQNGRSNACKR-GPGSGFFSRLNWLTKSGS--TYPVLNVTMPNNDNFDKLYIWGIHHPSTNQEQTSLYVQASGRVTVSTRRSQQTIIPNIGSRPWVRGLSSRISIYWTIVKPGDVLVINSNGNLIAPRGYFKM--RTGKSSIMRSDAPI-DTCISECITPNGSIPNDKPFQNVNKITYGACPKYVKQNTLKLATGMRNVP--
2viu,TATLCLGHHAVPNGTLVKTITDDQIEVTNATELVQSSSTGKICNN-PHRILDGIDCTLIDALLGDPHCDVFQNE-TWDLFVERSKAFS-NCYPYDVPDYASLRSLVASSGTLEFITEG---FTW-T-GVIQNGGSNACKR-GPGSGFFSRLNWLTKSGS--TYPVLNVTMPNNDNFDKLYIWGIHHPSTNQEQTSLYVQASGRVTVSTRRSQQTIIPNIGSRPWVRGLSSRISIYWTIVKPGDVLVINSNGNLIAPRGYFKM--RTGKSSIMRSDAPI-DTCISECITPNGSIPNDKPFQNVNKITYGACPKYVKQNTLKLATGMRNVP--
2hmg,TATLCLGHHAVPNGTLVKTITDDQIEVTNATELVQSSSTGKICNN-PHRILDGIDCTLIDALLGDPHCDVFQNE-TWDLFVERSKAFS-NCYPYDVPDYASLRSLVASSGTLEFITEG---FTW-T-GVTQNGGSNACKR-GPGSDFFSRLNWLTKSGS--TYPVLNVTMPNNDNFDKLYIWGIHHPSTNQEQTSLYVQASGRVTVSTRRSQQTIIPNIGSRPWVRGLSSRISIYWTIVKPGDVLVINSNGNLIAPRGYFKM--RTGKSSIMRSDAPI-DTCISECITPNGSIPNDKPFQNVNKITYGACPKYVKQNTLKLATGMRNVP--
3sdy,GATLCLGHHAVPNGTLVKTITDDQIEVTNATELVQSSSTGKICNN-PHRILDGIDCTLIDALLGDPHCDVFQNE-TWDLFVERSKAFS-NCYPYDVPDYASLRSLVASSGTLEFITEG---FTW-T-GVTQNGGSNACKR-GPGSGFFSRLNWLTKSGS--TYPVLNVTMPNNDNFDKLYIWGVHHPSTNQEQTSLYVQASGRVTVSTRRSQQTIIPNIGSRPWVRGLSSRISIYWTIVKPGDVLVINSNGNLIAPRGYFKM--RTGKSSIMRSDAPI-DTCISECITPNGSIPNDKPFQNVNKITYGACPKYVKQNTLKLATGMRNVP--
4fp8,---------------------------------VQSSSTGKICNN-PHRILDGIDCTLIDALLGDPHCDVFQNE-TWDLFVERSKAFS-NCYPYDVPDYASLRSLVASSGTLEFITEG---FTW-T-GVTQNGGSNACKR-GPGSGFFSRLNWLTKSGS--TYPVLNVTMPNNDNFDKLYIWGVHHPSTNQEQTSLYVQASGRVTVSTRRSQQTIIPNIGSRPWVRGLSSRISIYWTIVKPGDVLVINSNGNLIAPRGYFKM--RTGKSSIMRSDAPI-DTCISECITPNGSIPNDKPFQNVNKITYGACPKYV-----------------
4fnk,GATLCLGHHAVPNGTLVKTITDDQIEVTNATELVQSSSTGKICNN-PHRILDGIDCTLIDALLGDPHCDVFQNE-TWDLFVERSKAFS-NCYPYDVPDYASLRSLVASSGTLEFITEG---FTW-T-GVTQNGGSNACKR-GPGSGFFSRLNWLTKSGS--TYPVLNVTMPNNDNFDKLYIWGVHHPSTNQEQTSLYVQASGRVTVSTRRSQQTIIPNIGSRPWVRGLSSRISIYWTIVKPGDVLVINSNGNLIAPRGYFKM--RTGKSSIMRSDAPI-DTCISECITPNGSIPNDKPFQNVNKITYGACPKYVKQNTLKLATGMRNVP--
4fqr,GATLCLGHHAVPNGTLVKTITDDQIEVTNATELVQSSSTGKICNN-PHRILDGIDCTLIDALLGDPHCDVFQNE-TWDLFVERSKAFS-NCYPYDVPDYASLRSLVASSGTLEFITEG---FTW-T-GVTQNGGSNACKR-GPGSGFFSRLNWLTKSGS--TYPVLNVTMPNNDNFDKLYIWGVHHPSTNQEQTSLYVQASGRVTVSTRRSQQTIIPNIGSRPWVRGLSSRISIYWTIVKPGDVLVINSNGNLIAPRGYFKM--RTGKSSIMRSDAPI-DTCISECITPNGSIPNDKPFQNVNKITYGACPKYVKQNTLKLATGMRNVP--
4fqy,GATLCLGHHAVPNGTLVKTITDDQIEVTNATELVQSSSTGKICNN-PHRILDGIDCTLIDALLGDPHCDVFQNE-TWDLFVERSKAFS-NCYPYDVPDYASLRSLVASSGTLEFITEG---FTW-T-GVTQNGGSNACKR-GPGSGFFSRLNWLTKSGS--TYPVLNVTMPNNDNFDKLYIWGVHHPSTNQEQTSLYVQASGRVTVSTRRSQQTIIPNIGSRPWVRGLSSRISIYWTIVKPGDVLVINSNGNLIAPRGYFKM--RTGKSSIMRSDAPI-DTCISECITPNGSIPNDKPFQNVNKITYGACPKYVKQNTLKLATGMRNVP--
4nm8,GATLCLGHHAVPNGTLVKTITDDQIEVTNATELVQSSSTGKICNN-PHRILDGIDCTLIDALLGDPHCDVFQNE-TWDLFVERSKAFS-NCYPYDVPDYASLRSLVASSGTLEFITEG---FTW-T-GVTQNGGSNACKR-GPGSGFFSRLNWLTKSGS--TYPVLNVTMPNNDNFDKLYIWGVHHPSTNQEQTSLYVQASGRVTVSTRRSQQTIIPNIGSRPWVRGLSSRISIYWTIVKPGDVLVINSNGNLIAPRGYFKM--RTGKSSIMRSDAPI-DTCISECITPNGSIPNDKPFQNVNKITYGACPKYVKQNTLKLATGMRNVP--
3vun,TATLCLGHHAVPNGTLVKTITDDQIEVTNATELVQSSSTGKICNN-PHRILDGIDCTLIDALLGDPHCDVFQNE-TWDLFVERSKAFS-NCYPYDVPDYASLRSLVASSGTLEFITEG---FTW-T-GVTQNGGSNACKR-GPSSGFFSRLNWLTKSGS--TYPVLNVTMPNNDNFDKLYIWGVHHPSTNQEQTSLYVQASGRVTVSTRRSQQTIIPNIGSRPWVRGLSSRISIYWTIVKPGDVLVINSNGNLIAPRGYFKM--RTGKSSIMRSDAPI-DTCISECITPNGSIPNDKPFQNVNKITYGACPKYVKQNTLKLATGMRNVP--
3hmg,TATLCLGHHAVPNGTLVKTITDDQIEVTNATELVQSSSTGKICNN-PHRILDGIDCTLIDALLGDPHCDVFQNE-TWDLFVERSKAFS-NCYPYDVPDYASLRSLVASSGTLEFITEG---FTW-T-GVTQNGGSNACKR-GPGSGFFSRLNWLTKSGS--TYPVLNVTMPNNDNFDKLYIWGIHHPSTNQEQTSLYVQASGRVTVSTRRSQQTIIPNIGSRPWVRGQSSRISIYWTIVKPGDVLVINSNGNLIAPRGYFKM--RTGKSSIMRSDAPI-DTCISECITPNGSIPNDKPFQNVNKITYGACPKYVKQNTLKLATGMRNVP--
4hmg,TATLCLGHHAVPNGTLVKTITDDQIEVTNATELVQSSSTGKICNN-PHRILDGIDCTLIDALLGDPHCDVFQNE-TWDLFVERSKAFS-NCYPYDVPDYASLRSLVASSGTLEFITEG---FTW-T-GVTQNGGSNACKR-GPGSGFFSRLNWLTKSGS--TYPVLNVTMPNNDNFDKLYIWGIHHPSTNQEQTSLYVQASGRVTVSTRRSQQTIIPNIGSRPWVRGQSSRISIYWTIVKPGDVLVINSNGNLIAPRGYFKM--RTGKSSIMRSDAPI-DTCISECITPNGSIPNDKPFQNVNKITYGACPKYVKQNTLKLATGMRNVP--
1mql,TATLCLGHHAVPNGTIVKTITDDQIEVTNATELVQSSSTGKICNN-PHRILDGRACTLIDALLGDPHCDVFQNE-TWDLFVERSNAFS-NCYPYDIPDYASLRSLVASSGTLEFITEG---FTW-T-GVTQNGGSSACKR-GPANGFFSRLNWLTKSES--AYPVLNVTMPNNDNFDKLYIWGVHHPSTNQEQTNLYVQASGRVTVSTRRSQQTIIPNIGSRPWVRGQPGRISIYWTIVKPGDVLVINSNGNLIAPRGYFKM--RTGKSSIMRSDAPI-DTCISECITPNGSIPNDKPFQNVNKITYGACPKYVKQNTLKLATGMRNVP--
1mqm,TATLCLGHHAVPNGTIVKTITDDQIEVTNATELVQSSSTGKICNN-PHRILDGRACTLIDALLGDPHCDVFQNE-TWDLFVERSNAFS-NCYPYDIPDYASLRSLVASSGTLEFITEG---FTW-T-GVTQNGGSSACKR-GPANGFFSRLNWLTKSES--AYPVLNVTMPNNDNFDKLYIWGVHHPSTNQEQTNLYVQASGRVTVSTRRSQQTIIPNIGSRPWVRGQPGRISIYWTIVKPGDVLVINSNGNLIAPRGYFKM--RTGKSSIMRSDAPI-DTCISECITPNGSIPNDKPFQNVNKITYGACPKYVKQNTLKLATGMRNVP--
1mqn,TATLCLGHHAVPNGTIVKTITDDQIEVTNATELVQSSSTGKICNN-PHRILDGRACTLIDALLGDPHCDVFQNE-TWDLFVERSNAFS-NCYPYDIPDYASLRSLVASSGTLEFITEG---FTW-T-GVTQNGGSSACKR-GPANGFFSRLNWLTKSES--AYPVLNVTMPNNDNFDKLYIWGVHHPSTNQEQTNLYVQASGRVTVSTRRSQQTIIPNIGSRPWVRGQPGRISIYWTIVKPGDVLVINSNGNLIAPRGYFKM--RTGKSSIMRSDAPI-DTCISECITPNGSIPNDKPFQNVNKITYGACPKYVKQNTLKLATGMRNVP--
4wa1,TATLCLGHHAVPNGTIVKTITDDQIEVTNATELVQSSSTGKICNN-PHRILDGRDCKLMDALLGDPHCDVFQDE-TWDLYVERSSASS-NCYPYDVPDYASLRSLVASSGTLEFITEG---FTW-T-GVTQNGESGACKR-GPANGFFSRLNWLTKSGS--VYPLLNVTMPNNDNFDKLYVWGVHHPSTNQEQTNLYVQASGRVTVSTRRSQQTIIPNIGSRPLVRGQSGRISIYWTIVKPGDILMINSNGNLVAPRGYFKM--RTGKSSIMRSNAPI-DTCISECITPNGSIPNDKPFQNVNKITYGACPKYVKQSTLKLATGMRNVP--
4wa2,TATLCLGHHAVPNGTIVKTITDDQIEVTNATELVQSSSTGKICNN-PHRILDGRDCKLMDALLGDPHCDVFQDE-TWDLYVERSSASS-NCYPYDVPDYASLRSLVASSGTLEFITEG---FTW-T-GVTQNGESGACKR-GPANGFFSRLNWLTKSGS--VYPLLNVTMPNNDNFDKLYVWGVHHPSTNQEQTNLYVQASGRVTVSTRRSQQTIIPNIGSRPLVRGQSGRISIYWTIVKPGDILMINSNGNLVAPRGYFKM--RTGKSSIMRSNAPI-DTCISECITPNGSIPNDKPFQNVNKITYGACPKYVKQSTLKLATGMRNVP--
4gms,GATLCLGHHAVPNGTLVKTITNDQIEVTNATELVQSSSTGKICNN-PHRILDGINCTLIDALLGDPHCDGFQNE-KWDLFVERSKAFS-NCYPYDVPDYASLRSLVASSGTLEFINEG---FNW-T-GVTQNGGSSACKR-GPDSGFFSRLNWLYKSGS--TYPVQNVTMPNNDNSDKLYIWGVHHPSTDKEQTNLYVQASGKVTVSTKRSQQTIIPNVGSRPWVRGLSSRISIYWTIVKPGDILVINSNGNLIAPRGYFKM--RTGKSSIMRSDAPI-GTCSSECITPNGSIPNDKPFQNVNKITYGACPKYVKQNTLKLATGMRNVP--
4o58,GATLCLGHHAVPNGTLVKTITNDQIEVTNATELVQSSSTGKICNN-PHRILDGINCTLIDALLGDPHCDGFQNE-KWDLFVERSKAFS-NCYPYDVPDYASLRSLVASSGTLEFINEG---FNW-T-GVTQNGGSSACKR-GPDSGFFSRLNWLYKSGS--TYPVQNVTMPNNDNSDKLYIWGVHHPSTDKEQTNLYVQASGKVTVSTKRSQQTIIPNVGSRPWVRGLSSRISIYWTIVKPGDILVINSNGNLIAPRGYFKM--RTGKSSIMRSDAPI-GTCSSECITPNGSIPNDKPFQNVNKITYGACPKYVKQNTLKLATGMRNVP--
4unx,TATLCLGHHAVANGTLVKTITDDQIEVTNATELVQSISIGKICNN-SYRVLDGRNCTLIDAMLGDPHCDDFQYE-NWDLFIERSSAFS-NCYPYDIPDYASLRSIVASSGTLEFTAEG---FTW-T-GVTQNGGSGACKR-GSADSFFSRLNWLTKSGN--SYPILNVTMPNNKNFDKLYIWGIHHPSSNKEQTKLYIQESGRVTVSTERSQQTVIPNIGSRPWVRGQSGRISIYWTIVKPGDILMINSNGNLVAPRGYFKL--RTGKSSVMRSDALI-DTCVSECITPNGSIPNDKPFQNVNKITYGKCPKYIRQNTLKLATGMRNVP--
4uny,TATLCLGHHAVANGTLVKTITDDQIEVTNATELVQSISIGKICNN-SYRVLDGRNCTLIDAMLGDPHCDDFQYE-NWDLFIERSSAFS-NCYPYDIPDYASLRSIVASSGTLEFTAEG---FTW-T-GVTQNGGSGACKR-GSADSFFSRLNWLTKSGN--SYPILNVTMPNNKNFDKLYIWGIHHPSSNKEQTKLYIQESGRVTVSTERSQQTVIPNIGSRPWVRGQSGRISIYWTIVKPGDILMINSNGNLVAPRGYFKL--RTGKSSVMRSDALI-DTCVSECITPNGSIPNDKPFQNVNKITYGKCPKYIRQNTLKLATGMRNVP--
4unz,TATLCLGHHAVANGTLVKTITDDQIEVTNATELVQSISIGKICNN-SYRVLDGRNCTLIDAMLGDPHCDDFQYE-NWDLFIERSSAFS-NCYPYDIPDYASLRSIVASSGTLEFTAEG---FTW-T-GVTQNGGSGACKR-GSADSFFSRLNWLTKSGN--SYPILNVTMPNNKNFDKLYIWGIHHPSSNKEQTKLYIQESGRVTVSTERSQQTVIPNIGSRPWVRGQSGRISIYWTIVKPGDILMINSNGNLVAPRGYFKL--RTGKSSVMRSDALI-DTCVSECITPNGSIPNDKPFQNVNKITYGKCPKYIRQNTLKLATGMRNVP--
4uo0,TATLCLGHHAVANGTLVKTISDDQIEVTNATELVQSISMGKICNN-SYRILDGRNCTLIDAMLGDPHCDVFQYE-NWDLFIERSSAFS-NCYPYDIPDYASLRSIVASSGTLEFTAEG---FTW-T-GVTQNGRSGACKR-GSADSFFSRLNWLTKSGN--SYPTLNVTMPNNKNFDKLYIWGIHHPSSNQEQTKLYIQESGRVTVSTKRSQQTIIPNIGSRPWVRGQSGRISIYWTIVKPGDILMINSNGNLVAPRGYFKL--KTGKSSVMRSDVPI-DICVSECITPNGSISNEKPFQNVNKVTYGKCPKYIRQNTLKLATGMRNVP--
4uo1,TATLCLGHHAVANGTLVKTISDDQIEVTNATELVQSISMGKICNN-SYRILDGRNCTLIDAMLGDPHCDVFQYE-NWDLFIERSSAFS-NCYPYDIPDYASLRSIVASSGTLEFTAEG---FTW-T-GVTQNGRSGACKR-GSADSFFSRLNWLTKSGN--SYPTLNVTMPNNKNFDKLYIWGIHHPSSNQEQTKLYIQESGRVTVSTKRSQQTIIPNIGSRPWVRGQSGRISIYWTIVKPGDILMINSNGNLVAPRGYFKL--KTGKSSVMRSDVPI-DICVSECITPNGSISNEKPFQNVNKVTYGKCPKYIRQNTLKLATGMRNVP--
4uo2,TATLCLGHHAVANGTLVKTISDDQIEVTNATELVQSISMGKICNN-SYRILDGRNCTLIDAMLGDPHCDVFQYE-NWDLFIERSSAFS-NCYPYDIPDYASLRSIVASSGTLEFTAEG---FTW-T-GVTQNGRSGACKR-GSADSFFSRLNWLTKSGN--SYPTLNVTMPNNKNFDKLYIWGIHHPSSNQEQTKLYIQESGRVTVSTKRSQQTIIPNIGSRPWVRGQSGRISIYWTIVKPGDILMINSNGNLVAPRGYFKL--KTGKSSVMRSDVPI-DICVSECITPNGSISNEKPFQNVNKVTYGKCPKYIRQNTLKLATGMRNVP--
4uo3,TATLCLGHHAVANGTLVKTITDDQIEVTNATELVQSISMGKICNN-SYRILDGRNCTLIDAMLGDPHCDVFQYE-NWDLFIERSSAFS-NCYPYDIPDYASLRSIVASSGTLEFTAEG---FTW-T-GVTQNGRSGACKR-GSADSFFSRLNWLTKSGN--SYPTLNVTMPNNKNFDKLYIWGIHHPSSNQEQTKLYIQESGRVTVSTKRSQQTIIPNIGSRPWVRGQSGRISIYWTIVKPGDILMINSNGNLVAPRGYFKL--KTGKSSVMRSDVPI-DICVSECITPNGSISNEKPFQNVNKVTYGKCPKYIRQNTLKLATGMRNVP--
4uo4,TATLCLGHHAVANGTLVKTMSDDQIEVTNATELVQSISMGKICNK-SYRILDGRNCTLIDAMLGDPHCDAFQYE-SWDLFIERSNAFS-NCYPYDIPDYASLRSIVASSGTVEFTAEG---FTW-T-GVTQNGRSGACKR-GSADSFFSRLNWLTKSGS--SYPTLNVTMPNNKNFDKLYIWGIHHPSSNQEQTKLYIQESGRVTVSTKRSQQTIIPNIGSRPLVRGQSGRISIYWTIVKPGDILMINSNGNLVAPRGYFKL--NTGKSSVMRSDVPI-DICVSECITPNGSISNDKPFQNVNKVTYGKCPKYIRQNTLKLATGMRNVP--
4uo5,TATLCLGHHAVANGTLVKTMSDDQIEVTNATELVQSISMGKICNK-SYRILDGRNCTLIDAMLGDPHCDAFQYE-SWDLFIERSNAFS-NCYPYDIPDYASLRSIVASSGTVEFTAEG---FTW-T-GVTQNGRSGACKR-GSADSFFSRLNWLTKSGS--SYPTLNVTMPNNKNFDKLYIWGIHHPSSNQEQTKLYIQESGRVTVSTKRSQQTIIPNIGSRPLVRGQSGRISIYWTIVKPGDILMINSNGNLVAPRGYFKL--NTGKSSVMRSDVPI-DICVSECITPNGSISNDKPFQNVNKVTYGKCPKYIRQNTLKLATGMRNVP--
4uo6,TATLCLGHHAVANGTLVKTMSDDQIEVTNATELVQSISMGKICNK-SYRILDGRNCTLIDAMLGDPHCDAFQYE-SWDLFIERSNAFS-NCYPYDIPDYASLRSIVASSGTVEFTAEG---FTW-T-GVTQNGRSGACKR-GSADSFFSRLNWLTKSGS--SYPTLNVTMPNNKNFDKLYIWGIHHPSSNQEQTKLYIQESGRVTVSTKRSQQTIIPNIGSRPLVRGQSGRISIYWTIVKPGDILMINSNGNLVAPRGYFKL--NTGKSSVMRSDVPI-DICVSECITPNGSISNDKPFQNVNKVTYGKCPKYIRQNTLKLATGMRNVP--
4uo7,TATLCLGHHAVANGTLVKTMSDDQIEVTNATELVQSISMGKICNK-SYRILDGRNCTLIDAMLGDPHCDAFQYE-SWDLFIERSNAFS-NCYPYDIPDYASLRSIVASSGTVEFTAEG---FTW-T-GVTQNGRSGACKR-GSADSFFSRLNWLTKSGS--SYPTLNVTMPNNKNFDKLYIWGIHHPSSNQEQTKLYIQESGRVTVSTKRSQQTIIPNIGSRPLVRGQSGRISIYWTIVKPGDILMINSNGNLVAPRGYFKL--NTGKSSVMRSDVPI-DICVSECITPNGSISNDKPFQNVNKVTYGKCPKYIRQNTLKLATGMRNVP--
4uo8,TATLCLGHHAVANGTLVKTMSDDQIEVTNATELVQSISMGKICNK-SYRILDGRNCTLIDAMLGDPHCDAFQYE-SWDLFIERSNAFS-NCYPYDIPDYASLRSIVASSGTVEFTAEG---FTW-T-GVTQNGRSGACKR-GSADSFFSRLNWLTKSGS--SYPTLNVTMPNNKNFDKLYIWGIHHPSSNQEQTKLYIQESGRVTVSTKRSQQTIIPNIGSRPLVRGQSGRISIYWTIVKPGDILMINSNGNLVAPRGYFKL--NTGKSSVMRSDVPI-DICVSECITPNGSISNDKPFQNVNKVTYGKCPKYIRQNTLKLATGMRNVP--
4uo9,TATLCLGHHAVANGTLVKTMTDDQIEVTNATELVQSISMGKICNK-SYRILDGRNCTLIDAMLGDPHCDAFQYE-SWDLFIERSNAFS-NCYPYDIPDYASLRSIVASSGTVEFTAEG---FTW-T-GVTQNGRSGACKR-GSADSFFSRLNWLTKSGS--SYPTLNVTMPNNKNFDKLYIWGIHHPSSNQEQTKLYIQESGRVTVSTKRSQQTIIPNIGSRPLVRGQSGRISIYWTIVKPGDILMINSNGNLVAPRGYFKL--NTGKSSVMRSDVPI-DICVSECITPNGSISNDKPFQNVNKVTYGKCPKYIRQNTLKLATGMRNVP--
4uoa,TATLCLGHHAVANGTLVKTISDDQIEVTNATELVQSISMGKICNK-SYRILDGRNCTLIDAMLGDPHCDAFQYE-SWDLFIERSNAFS-NCYPYDIPDYASLRSIVASSGTVEFTAEG---FTW-T-GVTQNGRSGACKR-GSADSFFSRLNWLTKSGS--SYPTLNVTMPNNKNFDKLYIWGIHHPSSNQEQTKLYIQESGRVTVSTKRSQQTIIPNIGSRPLVRGQSGRISIYWTIVKPGDILMINSNGNLVAPRGYFKL--NTGKSSVMRSDVPI-DICVSECITPNGSISNDKPFQNVNKVTYGKCPKYIRQNTLKLATGMRNVP--
2yp2,TATLCLGHHAVPNGTIVKTITNDQIEVTNATELVQSSSTGGICDS-PHQILDGENCTLIDALLGDPQCDGFQNK-KWDLFVERSKAYS-NCYPYDVPDYASLRSLVASSGTLEFNNES---FNW-T-GVTQNGTSSACKR-RSNNSFFSRLNWLTHLKF--KYPALNVTMPNNEKFDKLYIWGVHHPGTDNDQISLYAQASGRITVSTKRSQQTVIPNIGSRPRVRDIPSRISIYWTIVKPGDILLINSTGNLIAPRGYFKI--RSGKSSIMRSDAPI-GKCNSECITPNGSIPNDKPFQNVNRITYGACPRYVKQNTLKLATGMRNVP--
2yp3,TATLCLGHHAVPNGTIVKTITNDQIEVTNATELVQSSSTGGICDS-PHQILDGENCTLIDALLGDPQCDGFQNK-KWDLFVERSKAYS-NCYPYDVPDYASLRSLVASSGTLEFNNES---FNW-T-GVTQNGTSSACKR-RSNNSFFSRLNWLTHLKF--KYPALNVTMPNNEKFDKLYIWGVHHPGTDNDQISLYAQASGRITVSTKRSQQTVIPNIGSRPRVRDIPSRISIYWTIVKPGDILLINSTGNLIAPRGYFKI--RSGKSSIMRSDAPI-GKCNSECITPNGSIPNDKPFQNVNRITYGACPRYVKQNTLKLATGMRNVP--
2yp4,TATLCLGHHAVPNGTIVKTITNDQIEVTNATELVQSSSTGGICDS-PHQILDGENCTLIDALLGDPQCDGFQNK-KWDLFVERSKAYS-NCYPYDVPDYASLRSLVASSGTLEFNNES---FNW-T-GVTQNGTSSACKR-RSNNSFFSRLNWLTHLKF--KYPALNVTMPNNEKFDKLYIWGVHHPGTDNDQISLYAQASGRITVSTKRSQQTVIPNIGSRPRVRDIPSRISIYWTIVKPGDILLINSTGNLIAPRGYFKI--RSGKSSIMRSDAPI-GKCNSECITPNGSIPNDKPFQNVNRITYGACPRYVKQNTLKLATGMRNVP--
2yp5,TATLCLGHHAVPNGTIVKTITNDQIEVTNATELVQSSSTGGICDS-PHQILDGENCTLIDALLGDPQCDGFQNK-KWDLFVERSKAYS-NCYPYDVPDYASLRSLVASSGTLEFNNES---FNW-T-GVTQNGTSSACKR-RSNNSFFSRLNWLTHLKF--KYPALNVTMPNNEKFDKLYIWGVHHPGTDNDQISLYAQASGRITVSTKRSQQTVIPNIGSRPRVRDIPSRISIYWTIVKPGDILLINSTGNLIAPRGYFKI--RSGKSSIMRSDAPI-GKCNSECITPNGSIPNDKPFQNVNRITYGACPRYVKQNTLKLATGMRNVP--
2yp7,TATLCLGHHAVPNGTIVKTITNDQIEVTNATELVQSSSTGGICDS-PHQILDGENCTLIDALLGDPQCDGFQNK-KWDLFVERSKAYS-NCYPYDVPDYASLRSLVASSGTLEFNNES---FNW-T-GVTQNGTSSACKR-KSNNSFFSRLNWLTHLKF--KYPALNVTMPNNEKFDKLYIWGVHHPGTDNDQIFLYAQASGRITVSTKRSQQTVIPNIGSRPRVRNIPSRISIYWTIVKPGDILLINSTGNLIAPRGYFKI--RSGKSSIMRSDAPI-GKCNSECITPNGSIPNDKPFQNVNRITYGACPRYVKQNTLKLATGMRNVP--
2yp8,TATLCLGHHAVPNGTIVKTITNDQIEVTNATELVQSSSTGGICDS-PHQILDGENCTLIDALLGDPQCDGFQNK-KWDLFVERSKAYS-NCYPYDVPDYASLRSLVASSGTLEFNNES---FNW-T-GVTQNGTSSACKR-KSNNSFFSRLNWLTHLKF--KYPALNVTMPNNEKFDKLYIWGVHHPGTDNDQIFLYAQASGRITVSTKRSQQTVIPNIGSRPRVRNIPSRISIYWTIVKPGDILLINSTGNLIAPRGYFKI--RSGKSSIMRSDAPI-GKCNSECITPNGSIPNDKPFQNVNRITYGACPRYVKQNTLKLATGMRNVP--
2yp9,TATLCLGHHAVPNGTIVKTITNDQIEVTNATELVQSSSTGGICDS-PHQILDGENCTLIDALLGDPQCDGFQNK-KWDLFVERSKAYS-NCYPYDVPDYASLRSLVASSGTLEFNNES---FNW-T-GVTQNGTSSACKR-KSNNSFFSRLNWLTHLKF--KYPALNVTMPNNEKFDKLYIWGVHHPGTDNDQIFLYAQASGRITVSTKRSQQTVIPNIGSRPRVRNIPSRISIYWTIVKPGDILLINSTGNLIAPRGYFKI--RSGKSSIMRSDAPI-GKCNSECITPNGSIPNDKPFQNVNRITYGACPRYVKQNTLKLATGMRNVP--
4o5i,GATLCLGHHAVPNGTIVKTITNDQIEVTNATELVQNSSIGEICDS-PHQILDGENCTLIDALLGDPQCDGFQNK-KWDLFVERSKAYS-NCYPYDVPDYASLRSLVASSGTLEFNNES---FNW-T-GVTQNGTSSACIR-RSNNSFFSRLNWLTHLNF--KYPALNVTMPNNEQFDKLYIWGVHHPGTDKDQIFLYAQSSGRITVSTKRSQQAVIPNIGSRPRIRNIPSRISIYWTIVKPGDILLINSTGNLIAPRGYFKI--RSGKSSIMRSDAPI-GKCNSECITPNGSIPNDKPFQNVNRITYGACPRYVKQSTLKLATGMRNVP--
4o5n,GATLCLGHHAVPNGTIVKTITNDQIEVTNATELVQNSSIGEICDS-PHQILDGENCTLIDALLGDPQCDGFQNK-KWDLFVERSKAYS-NCYPYDVPDYASLRSLVASSGTLEFNNES---FNW-T-GVTQNGTSSACIR-RSNNSFFSRLNWLTHLNF--KYPALNVTMPNNEQFDKLYIWGVHHPGTDKDQIFLYAQSSGRITVSTKRSQQAVIPNIGSRPRIRNIPSRISIYWTIVKPGDILLINSTGNLIAPRGYFKI--RSGKSSIMRSDAPI-GKCNSECITPNGSIPNDKPFQNVNRITYGACPRYVKQSTLKLATGMRNVP--
4kvn,-ATLCLGHHAVPNGTIVKTITNDQIEVTNATELVQSSSTGEICDS-PHQILDGKNCTLIDALLGDPQCDGFQNK-KWDLFVERSKAYS-NCYPYDVPDYASLRSLVASSGTLEFNNES---FNW-T-GVTQNGTSSACIR-RSKNSFFSRLNWLTHLNF--KYPALNVTMPNNEQFDKLYIWGVHHPGTDKDQIFLYAQASGRITVSTKRSQQTVSPNIGSRPRVRNIPSRISIYWTIVKPGDILLINSTGNLIAPRGYFKI--RSGKSSIMRSDAPI-GKCNSECITPNGSIPNDKPFQNVNRITYGACPRYVKQNTLKLATGMRNVP--
3eyj,NPIICLGHHAVENGTSVKTLTDNHVEVVSAKELVETKHTDELCPS-PLKLVDGQDCDLINGALGSPGCDRLQDT-TWDVFIERPTAVD-TCYPFDVPDYQSLRSILASSGSLEFIAEQ---FTW-N-GVKVDGSSSACLR-GGRNSFFSRLNWLTKATN-GNYGPINVTKENTGSYVRLYLWGVHHPSSDNEQTDLYKVATGRVTVSTRSDQISIVPNIGSRPRVRNQSGRISIYWTLVNPGDSIIFNSIGNLIAPRGHYKIS-KSTKSTVLKSDKRI-GSCTSPCLTDKGSIQSDKPFQNVSRIAIGNCPKYVKQGSLMLATGMRNIP--
3eyk,NPIICLGHHAVENGTSVKTLTDNHVEVVSAKELVETKHTDELCPS-PLKLVDGQDCDLINGALGSPGCDRLQDT-TWDVFIERPTAVD-TCYPFDVPDYQSLRSILASSGSLEFIAEQ---FTW-N-GVKVDGSSSACLR-GGRNSFFSRLNWLTKATN-GNYGPINVTKENTGSYVRLYLWGVHHPSSDNEQTDLYKVATGRVTVSTRSDQISIVPNIGSRPRVRNQSGRISIYWTLVNPGDSIIFNSIGNLIAPRGHYKIS-KSTKSTVLKSDKRI-GSCTSPCLTDKGSIQSDKPFQNVSRIAIGNCPKYVKQGSLMLATGMRNIP--
4bsg,-DKICLGHHAVSNGTKVNTLTERGVEVVNATETVERTNVPRICSK-GKRTVDLGQCGLLGTITGPPQCDQFLEF-SADLIIERREGSD-VCYPGKFVNEEALRQILRESGGIDKETMG---FTY-S-GIRTNGATSACRR-SG-SSFYAEMKWLLSNTDNAAFPQMTKSYKNTRKDPALIIWGIHHSGSTTEQTKLYGSGNKLITVGSSNYQQSFVPSPGARPQVNGQSGRIDFHWLMLNPNDTVTFSFNGAFIAPDRASFL---RGKSMGIQSSVQVDANCEGDCYHSGGTIISNLPFQNINSRAVGKCPRYVKQESLMLATGMKNVP--
4bsh,-DKICLGHHAVSNGTKVNTLTERGVEVVNATETVERTNVPRICSK-GKRTVDLGQCGLLGTITGPPQCDQFLEF-SADLIIERREGSD-VCYPGKFVNEEALRQILRESGGIDKETMG---FTY-S-GIRTNGATSACRR-SG-SSFYAEMKWLLSNTDNAAFPQMTKSYKNTRKDPALIIWGIHHSGSTTEQTKLYGSGNKLITVGSSNYQQSFVPSPGARPQVNGQSGRIDFHWLMLNPNDTVTFSFNGAFIAPDRASFL---RGKSMGIQSSVQVDANCEGDCYHSGGTIISNLPFQNINSRAVGKCPRYVKQESLMLATGMKNVP--
4bsi,-DKICLGHHAVSNGTKVNTLTERGVEVVNATETVERTNVPRICSK-GKRTVDLGQCGLLGTITGPPQCDQFLEF-SADLIIERREGSD-VCYPGKFVNEEALRQILRESGGIDKETMG---FTY-S-GIRTNGATSACRR-SG-SSFYAEMKWLLSNTDNAAFPQMTKSYKNTRKDPALIIWGIHHSGSTTEQTKLYGSGNKLITVGSSNYQQSFVPSPGARPQVNGQSGRIDFHWLMLNPNDTVTFSFNGAFIAPDRASFL---RGKSMGIQSSVQVDANCEGDCYHSGGTIISNLPFQNINSRAVGKCPRYVKQESLMLATGMKNVP--
1ti8,---ICLGHHAVSNGTKVNTLTERGVEVVNATETVERTNVPRICSK-GKRTVDLGQCGLLGTITGPPQCDQFLEF-SADLIIERREGSD-VCYPGKFVNEEALRQILRESGGIDKETMG---FTY-S-GIRTNGATSACRR-SG-SSFYAEMKWLLSNTDNAAFPQMTKSYKNTRKDPALIIWGIHHSGSTTEQTKLYGSGNKLITVGSSNYQQSFVPSPGARPQVNGQSGRIDFHWLMLNPNDTVTFSFNGAFIAPDRASFL---RGKSMGIQSSVQVDANCEGDCYHSGGTIISNLPFQNINSRAVGKCPRYVKQESLMLATGMKNVP--
4dj6,-DKICLGHHAVSNGTKVNTLTERGVEVVNATETVERTNVPRICSK-GKRTVDLGQCGLLGTITGPPQCDQFLEF-SADLIIERREGSD-VCYPGKFVNEEALRQILRESGGIDKETMG---FTY-S-GIRTNGTTSACRR-SG-SSFYAEMKWLLSNTDNAAFPQMTKSYKNTRKDPALIIWGIHHSGSTTEQTKLYGSGNKLITVGSSNYQQSFVPSPGARPQVNGQSGRIDFHWLILNPNDTVTFSFNGAFIAPDRASFL---RGKSMGIQSEVQVDANCEGDCYHSGGTIISNLPFQNINSRAVGKCPRYVKQESLLLATGMKNVP--
4fqv,-DKICLGHHAVSNGTKVNTLTERGVEVVNATETVERTNVPRICSK-GKRTVDLGQCGLLGTITGPPQCDQFLEF-SADLIIERREGSD-VCYPGKFVNEEALRQILRESGGIDKETMG---FTY-S-GIRTNGTTSACRR-SG-SSFYAEMKWLLSNTDNAAFPQMTKSYKNTRKDPALIIWGIHHSGSTTEQTKLYGSGNKLITVGSSNYQQSFVPSPGARPQVNGQSGRIDFHWLILNPNDTVTFSFNGAFIALDRASFL---RGKSMGIQSEVQVDANCEGDCYHSGGTIISNLPFQNINSRAVGKCPRYVKQESLLLATGMKNVP--
4dj7,-DKICLGHHAVSNGTKVNTLTERGVEVVNATETVERTNVPRICSK-GKRTVDLGQCGLLGTITGPPQCDQFLEF-SADLIIERREGSD-VCYPGKFVNEEALRQILRESGGIDKETMG---FTY-S-GIRTNGTTSACRR-SG-SSFYAEMKWLLSNTDNAAFPQMTKSYKNTRKDPALIIWGIHHSGSTTEQTKLYGSGNKLITVGSSNYQQSFVPSPGARPQVNGQSGRIDFHWLILNPNDTVTFSFNGAFIAPDRASFL---RGKSMGIQSEVQVDANCEGDCYHSGGTIISNLPFQNINSRAVGKCPRYVKQESLLLATGMKNVP--
4dj8,-DKICLGHHAVSNGTKVNTLTERGVEVVNATETVERTNVPRICSK-GKRTVDLGQCGLLGTITGPPQCDQFLEF-SADLIIERREGSD-VCYPGKFVNEEALRQILRESGGIDKETMG---FTY-S-GIRTNGTTSACRR-SG-SSFYAEMKWLLSNTDNAAFPQMTKSYKNTRKDPALIIWGIHHSGSTTEQTKLYGSGNKLITVGSSNYQQSFVPSPGARPQVNGQSGRIDFHWLILNPNDTVTFSFNGAFIAPDRASFL---RGKSMGIQSEVQVDANCEGDCYHSGGTIISNLPFQNINSRAVGKCPRYVKQESLLLATGMKNVP--
4bsa,-DKICLGHHALSNGTKVNTLTERGVEVVNATETVERTNIPRICSK-GKRTVDLGQCGLLGTITGPPQCDQFLEF-SADLIIERREGSD-VCYPGKFVNEEALRQILRESGGIDKEAMG---FTY-S-GIRTNGTTSACRR-SG-SSFYAEMKWLLSNTDNAAFPQMTKSYKNTRKSPALIVWGIHHSVSTAEQTKLYGSGNKLVTVGSSNYQQSFVPSPGARPQVNGLSGRIDFHWLMLNPNDTVTFSFNGAFIAPDRASFL---RGKSMGIQSGVQVDANCEGDCYHSGGTIISNLPFQNIDSRAVGKCPRYVKQRSLLLATGMKNVP--
4bsb,-DKICLGHHALSNGTKVNTLTERGVEVVNATETVERTNIPRICSK-GKRTVDLGQCGLLGTITGPPQCDQFLEF-SADLIIERREGSD-VCYPGKFVNEEALRQILRESGGIDKEAMG---FTY-S-GIRTNGTTSACRR-SG-SSFYAEMKWLLSNTDNAAFPQMTKSYKNTRKSPALIVWGIHHSVSTAEQTKLYGSGNKLVTVGSSNYQQSFVPSPGARPQVNGLSGRIDFHWLMLNPNDTVTFSFNGAFIAPDRASFL---RGKSMGIQSGVQVDANCEGDCYHSGGTIISNLPFQNIDSRAVGKCPRYVKQRSLLLATGMKNVP--
4bsc,-DKICLGHHALSNGTKVNTLTERGVEVVNATETVERTNIPRICSK-GKRTVDLGQCGLLGTITGPPQCDQFLEF-SADLIIERREGSD-VCYPGKFVNEEALRQILRESGGIDKEAMG---FTY-S-GIRTNGTTSACRR-SG-SSFYAEMKWLLSNTDNAAFPQMTKSYKNTRKSPALIVWGIHHSVSTAEQTKLYGSGNKLVTVGSSNYQQSFVPSPGARPQVNGLSGRIDFHWLMLNPNDTVTFSFNGAFIAPDRASFL---RGKSMGIQSGVQVDANCEGDCYHSGGTIISNLPFQNIDSRAVGKCPRYVKQRSLLLATGMKNVP--
4bsd,-DKICLGHHALSNGTKVNTLTERGVEVVNATETVERTNIPRICSK-GKRTVDLGQCGLLGTITGPPQCDQFLEF-SADLIIERREGSD-VCYPGKFVNEEALRQILRESGGIDKEAMG---FTY-S-GIRTNGTTSACRR-SG-SSFYAEMKWLLSNTDNAAFPQMTKSYKNTRKSPALIVWGIHHSVSTAEQTKLYGSGNKLVTVGSSNYQQSFVPSPGARPQVNGLSGRIDFHWLMLNPNDTVTFSFNGAFIAPDRASFL---RGKSMGIQSGVQVDANCEGDCYHSGGTIISNLPFQNIDSRAVGKCPRYVKQRSLLLATGMKNVP--
4bse,-DKICLGHHAVSNGTKVNTLTERGVEVVNATETVERTNIPRICSK-GKRTVDLGQCGLLGTITGPPQCDQFLEF-SADLIIERREGSD-VCYPGKFVNEEALRQILRESGGIDKEAMG---FTY-S-GIRTNGATSACRR-SG-SSFYAEMKWLLSNTDNAAFPQMTKSYKNTRKSPALIVWGIHHSVSTAEQTKLYGSGNKLVTVGSSNYQQSFVPSPGARPQVNGLSGRIDFHWLMLNPNDTVTFSFNGAFIAPDRASFL---RGKSMGIQSGVQVDANCEGDCYHSGGTIISNLPFQNIDSRAVGKCPRYVKQRSLLLATGMKNVP--
4bsf,-DKICLGHHAVSNGTKVNTLTERGVEVVNATETVERTNIPRICSK-GKRTVDLGQCGLLGTITGPPQCDQFLEF-SADLIIERREGSD-VCYPGKFVNEEALRQILRESGGIDKEAMG---FTY-S-GIRTNGATSACRR-SG-SSFYAEMKWLLSNTDNAAFPQMTKSYKNTRKSPALIVWGIHHSVSTAEQTKLYGSGNKLVTVGSSNYQQSFVPSPGARPQVNGLSGRIDFHWLMLNPNDTVTFSFNGAFIAPDRASFL---RGKSMGIQSGVQVDANCEGDCYHSGGTIISNLPFQNIDSRAVGKCPRYVKQRSLLLATGMKNVP--
4ln6,-DKICLGHHAVSNGTKVNTLTERGVEVVNATETVERTNIPRICSK-GKRTVDLGQCGLLGTITGPPQCDQFLEF-SADLIIERREGSD-VCYPGKFVNEEALRQILRESGGIDKEAMG---FTY-S-GIRTNGATSACRR-SG-SSFYAEMKWLLSNTDNAAFPQMTKSYKNTRKSPALIVWGIHHSVSTAEQTKLYGSGNKLVTVGSSNYQQSFVPSPGARPQVNGLSGRIDFHWLMLNPNDTVTFSFNGAFIAPDRASFL---RGKSMGIQSGVQVDANCEGDCYHSGGTIISNLPFQNIDSRAVGKCPRYVKQRSLLLATGMKNVP--
4ln8,-DKICLGHHAVSNGTKVNTLTERGVEVVNATETVERTNIPRICSK-GKRTVDLGQCGLLGTITGPPQCDQFLEF-SADLIIERREGSD-VCYPGKFVNEEALRQILRESGGIDKEAMG---FTY-S-GIRTNGATSACRR-SG-SSFYAEMKWLLSNTDNAAFPQMTKSYKNTRKSPALIVWGIHHSVSTAEQTKLYGSGNKLVTVGSSNYQQSFVPSPGARPQVNGLSGRIDFHWLMLNPNDTVTFSFNGAFIAPDRASFL---RGKSMGIQSGVQVDANCEGDCYHSGGTIISNLPFQNIDSRAVGKCPRYVKQRSLLLATGMKNVP--
4n5j,-DKICLGHHAVSNGTKVNTLTERGVEVVNATETVERTNIPRICSK-GKRTVDLGQCGLLGTITGPPQCDQFLEF-SADLIIERREGSD-VCYPGKFVNEEALRQILRESGGIDKEAMG---FTY-S-GIRTNGATSACRR-SG-SSFYAEMKWLLSNTDNAAFPQMTKSYKNTRKSPALIVWGIHHSVSTAEQTKLYGSGNKLVTVGSSNYQQSFVPSPGARPQVNGLSGRIDFHWLMLNPNDTVTFSFNGAFIAPDRASFL---RGKSMGIQSGVQVDANCEGDCYHSGGTIISNLPFQNIDSRAVGKCPRYVKQRSLLLATGMKNVP--
4n5k,-DKICLGHHAVSNGTKVNTLTERGVEVVNATETVERTNIPRICSK-GKRTVDLGQCGLLGTITGPPQCDQFLEF-SADLIIERREGSD-VCYPGKFVNEEALRQILRESGGIDKEAMG---FTY-S-GIRTNGATSACRR-SG-SSFYAEMKWLLSNTDNAAFPQMTKSYKNTRKSPALIVWGIHHSVSTAEQTKLYGSGNKLVTVGSSNYQQSFVPSPGARPQVNGLSGRIDFHWLMLNPNDTVTFSFNGAFIAPDRASFL---RGKSMGIQSGVQVDANCEGDCYHSGGTIISNLPFQNIDSRAVGKCPRYVKQRSLLLATGMKNVP--
4n60,-DKICLGHHAVSNGTKVNTLTERGVEVVNATETVERTNIPRICSK-GKRTVDLGQCGLLGTITGPPQCDQFLEF-SADLIIERREGSD-VCYPGKFVNEEALRQILRESGGIDKEAMG---FTY-S-GIRTNGATSACRR-SG-SSFYAEMKWLLSNTDNAAFPQMTKSYKNTRKSPALIVWGIHHSVSTAEQTKLYGSGNKLVTVGSSNYQQSFVPSPGARPQVNGLSGRIDFHWLMLNPNDTVTFSFNGAFIAPDRASFL---RGKSMGIQSGVQVDANCEGDCYHSGGTIISNLPFQNIDSRAVGKCPRYVKQRSLLLATGMKNVP--
4n61,-DKICLGHHAVSNGTKVNTLTERGVEVVNATETVERTNIPRICSK-GKRTVDLGQCGLLGTITGPPQCDQFLEF-SADLIIERREGSD-VCYPGKFVNEEALRQILRESGGIDKEAMG---FTY-S-GIRTNGATSACRR-SG-SSFYAEMKWLLSNTDNAAFPQMTKSYKNTRKSPALIVWGIHHSVSTAEQTKLYGSGNKLVTVGSSNYQQSFVPSPGARPQVNGLSGRIDFHWLMLNPNDTVTFSFNGAFIAPDRASFL---RGKSMGIQSGVQVDANCEGDCYHSGGTIISNLPFQNIDSRAVGKCPRYVKQRSLLLATGMKNVP--
4n62,-DKICLGHHAVSNGTKVNTLTERGVEVVNATETVERTNIPRICSK-GKRTVDLGQCGLLGTITGPPQCDQFLEF-SADLIIERREGSD-VCYPGKFVNEEALRQILRESGGIDKEAMG---FTY-S-GIRTNGATSACRR-SG-SSFYAEMKWLLSNTDNAAFPQMTKSYKNTRKSPALIVWGIHHSVSTAEQTKLYGSGNKLVTVGSSNYQQSFVPSPGARPQVNGLSGRIDFHWLMLNPNDTVTFSFNGAFIAPDRASFL---RGKSMGIQSGVQVDANCEGDCYHSGGTIISNLPFQNIDSRAVGKCPRYVKQRSLLLATGMKNVP--
4n63,-DKICLGHHAVSNGTKVNTLTERGVEVVNATETVERTNIPRICSK-GKRTVDLGQCGLLGTITGPPQCDQFLEF-SADLIIERREGSD-VCYPGKFVNEEALRQILRESGGIDKEAMG---FTY-S-GIRTNGATSACRR-SG-SSFYAEMKWLLSNTDNAAFPQMTKSYKNTRKSPALIVWGIHHSVSTAEQTKLYGSGNKLVTVGSSNYQQSFVPSPGARPQVNGLSGRIDFHWLMLNPNDTVTFSFNGAFIAPDRASFL---RGKSMGIQSGVQVDANCEGDCYHSGGTIISNLPFQNIDSRAVGKCPRYVKQRSLLLATGMKNVP--
4n64,-DKICLGHHAVSNGTKVNTLTERGVEVVNATETVERTNIPRICSK-GKRTVDLGQCGLLGTITGPPQCDQFLEF-SADLIIERREGSD-VCYPGKFVNEEALRQILRESGGIDKEAMG---FTY-S-GIRTNGATSACRR-SG-SSFYAEMKWLLSNTDNAAFPQMTKSYKNTRKSPALIVWGIHHSVSTAEQTKLYGSGNKLVTVGSSNYQQSFVPSPGARPQVNGLSGRIDFHWLMLNPNDTVTFSFNGAFIAPDRASFL---RGKSMGIQSGVQVDANCEGDCYHSGGTIISNLPFQNIDSRAVGKCPRYVKQRSLLLATGMKNVP--
4kon,---ICLGHHAVSNGTKVNTLTERGVEVVNATETVERTNIPRICSK-GKRTVDLGQCGLLGTITGPPQCDQFLEF-SADLIIERREGSD-VCYPGKFVNEEALRQILRESGGIDKEAMG---FTY-S-GIRTNGATSACRR-SG-SSFYAEMKWLLSNTDNAAFPQMTKSYKNTRKSPALIVWGIHHSVSTAEQTKLYGSGNKLVTVGSSNYQQSFVPSPGARPQVNGLSGRIDFHWLMLNPNDTVTFSFNGAFIAPDRASFL---RGKSMGIQSGVQVDANCEGDCYHSGGTIISNLPFQNIDSRAVGKCPRYVKQRSLLLATGMKNVP--
4lki,---ICLGHHAVSNGTKVNTLTERGVEVVNATETVERTNIPRICSK-GKRTVDLGQCGLLGTITGPPQCDQFLEF-SADLIIERREGSD-VCYPGKFVNEEALRQILRESGGIDKEAMG---FTY-S-GIRTNGATSACRR-SG-SSFYAEMKWLLSNTDNAAFPQMTKSYKNTRKSPALIVWGIHHSVSTAEQTKLYGSGNKLVTVGSSNYQQSFVPSPGARPQVNGQSGRIDFHWLMLNPNDTVTFSFNGAFIAPDRASFL---RGKSMGIQSGVQVDANCEGDCYHSGGTIISNLPFQNIDSRAVGKCPRYVKQRSLLLATGMKNVP--
4lkj,---ICLGHHAVSNGTKVNTLTERGVEVVNATETVERTNIPRICSK-GKRTVDLGQCGLLGTITGPPQCDQFLEF-SADLIIERREGSD-VCYPGKFVNEEALRQILRESGGIDKEAMG---FTY-S-GIRTNGATSACRR-SG-SSFYAEMKWLLSNTDNAAFPQMTKSYKNTRKSPALIVWGIHHSVSTAEQTKLYGSGNKLVTVGSSNYQQSFVPSPGARPQVNGQSGRIDFHWLMLNPNDTVTFSFNGAFIAPDRASFL---RGKSMGIQSGVQVDANCEGDCYHSGGTIISNLPFQNIDSRAVGKCPRYVKQRSLLLATGMKNVP--
4lkk,---ICLGHHAVSNGTKVNTLTERGVEVVNATETVERTNIPRICSK-GKRTVDLGQCGLLGTITGPPQCDQFLEF-SADLIIERREGSD-VCYPGKFVNEEALRQILRESGGIDKEAMG---FTY-S-GIRTNGATSACRR-SG-SSFYAEMKWLLSNTDNAAFPQMTKSYKNTRKSPALIVWGIHHSVSTAEQTKLYGSGNKLVTVGSSNYQQSFVPSPGARPQVNGQSGRIDFHWLMLNPNDTVTFSFNGAFIAPDRASFL---RGKSMGIQSGVQVDANCEGDCYHSGGTIISNLPFQNIDSRAVGKCPRYVKQRSLLLATGMKNVP--
4ln3,GDKICLGHHAVSNGTKVNTLTERGVEVVNATETVERTNIPRICSK-GKRTVDLGQCGLLGTITGPPQCDQFLEF-SADLIIERREGSD-VCYPGKFVNEEALRQILRESGGIDKEAMG---FTY-S-GIRTNGATSSCRR-SG-SSFYAEMKWLLSNTDNAAFPQMTKSYKNTRKNPALIVWGIHHSGSTAEQTKLYGSGNKLVTVGSSNYQQSFVPSPGARTQVNGQSGRIDFHWLMLNPNDTVTFSFNGAFIAPDRASFL---RGKSMGIQSGVQVDADCEGDCYYSGGTIISNLPFQNIDSRAVGKCPRYVKQRSLLLATGMKNVP--
4ln4,GDKICLGHHAVSNGTKVNTLTERGVEVVNATETVERTNIPRICSK-GKRTVDLGQCGLLGTITGPPQCDQFLEF-SADLIIERREGSD-VCYPGKFVNEEALRQILRESGGIDKEAMG---FTY-S-GIRTNGATSSCRR-SG-SSFYAEMKWLLSNTDNAAFPQMTKSYKNTRKNPALIVWGIHHSGSTAEQTKLYGSGNKLVTVGSSNYQQSFVPSPGARTQVNGQSGRIDFHWLMLNPNDTVTFSFNGAFIAPDRASFL---RGKSMGIQSGVQVDADCEGDCYYSGGTIISNLPFQNIDSRAVGKCPRYVKQRSLLLATGMKNVP--
4lcx,-DKICLGHHAVSNGTKVNTLTERGVEVVNATETVERTNIPRICSK-GKRTVDLGQCGLLGTITGPPQCDQFLEF-SADLIIERREGSD-VCYPGKFVNEEALRQILRESGGIDKEAMG---FTY-S-GIRTNGATSSCRR-SG-SSFYAEMKWLLSNTDNAAFPQMTKSYKNTRKNPALIVWGIHHSGSTAEQTKLYGSGNKLVTVGSSNYQQSFVPSPGARTQVNGQSGRIDFHWLMLNPNDTVTFSFNGAFIAPDRASFL---RGKSMGIQSGVQVDADCEGDCYYSGGTIISNLPFQNIDSRAVGKCPRYVKQRSLLLATGMKNVP--
4lkg,-DKICLGHHAVSNGTKVNTLTERGVEVVNATETVERTNIPRICSK-GKRTVDLGQCGLLGTITGPPQCDQFLEF-SADLIIERREGSD-VCYPGKFVNEEALRQILRESGGIDKEAMG---FTY-S-GIRTNGATSSCRR-SG-SSFYAEMKWLLSNTDNAAFPQMTKSYKNTRKNPALIVWGIHHSGSTAEQTKLYGSGNKLVTVGSSNYQQSFVPSPGARTQVNGQSGRIDFHWLMLNPNDTVTFSFNGAFIAPDRASFL---RGKSMGIQSGVQVDADCEGDCYYSGGTIISNLPFQNIDSRAVGKCPRYVKQRSLLLATGMKNVP--
4lkh,-DKICLGHHAVSNGTKVNTLTERGVEVVNATETVERTNIPRICSK-GKRTVDLGQCGLLGTITGPPQCDQFLEF-SADLIIERREGSD-VCYPGKFVNEEALRQILRESGGIDKEAMG---FTY-S-GIRTNGATSSCRR-SG-SSFYAEMKWLLSNTDNAAFPQMTKSYKNTRKNPALIVWGIHHSGSTAEQTKLYGSGNKLVTVGSSNYQQSFVPSPGARTQVNGQSGRIDFHWLMLNPNDTVTFSFNGAFIAPDRASFL---RGKSMGIQSGVQVDADCEGDCYYSGGTIISNLPFQNIDSRAVGKCPRYVKQRSLLLATGMKNVP--
3m5g,GDKICLGHHAVANGTKVNTLTERGIEVVNATETVETTNIKKICTQ-GKRPTDLGQCGLLGTLIGPPQCDQFLEF-SSDLIIERREGTD-ICYPGRFTNEESLRQILRRSGGIGKESMG---FTY-S-GIRTNGATSACTR-SG-SSFYAEMKWLLSNSDNAAFPQMTKAYRNPRNKPALIIWGVHHSESVSEQTKLYGSGNKLITVRSSKYQQSFTPNPGAR--------RIDFHWLLLDPNDTVTFTFNGAFIAPDRTSFF---RGESLGVQSDAPLDSSCRGDCFHSGGTIVSSLPFQNINSRTVGKCPRYVKQKSLLLATGMRNVP--
3m5h,GDKICLGHHAVANGTKVNTLTERGIEVVNATETVETTNIKKICTQ-GKRPTDLGQCGLLGTLIGPPQCDQFLEF-SSDLIIERREGTD-ICYPGRFTNEESLRQILRRSGGIGKESMG---FTY-S-GIRTNGATSACTR-SG-SSFYAEMKWLLSNSDNAAFPQMTKAYRNPRNKPALIIWGVHHSESVSEQTKLYGSGNKLITVRSSKYQQSFTPNPGAR--------RIDFHWLLLDPNDTVTFTFNGAFIAPDRTSFF---RGESLGVQSDAPLDSSCRGDCFHSGGTIVSSLPFQNINSRTVGKCPRYVKQKSLLLATGMRNVP--
3m5i,GDKICLGHHAVANGTKVNTLTERGIEVVNATETVETTNIKKICTQ-GKRPTDLGQCGLLGTLIGPPQCDQFLEF-SSDLIIERREGTD-ICYPGRFTNEESLRQILRRSGGIGKESMG---FTY-S-GIRTNGATSACTR-SG-SSFYAEMKWLLSNSDNAAFPQMTKAYRNPRNKPALIIWGVHHSESVSEQTKLYGSGNKLITVRSSKYQQSFTPNPGAR--------RIDFHWLLLDPNDTVTFTFNGAFIAPDRTSFF---RGESLGVQSDAPLDSSCRGDCFHSGGTIVSSLPFQNINSRTVGKCPRYVKQKSLLLATGMRNVP--
3m5j,GDKICLGHHAVANGTKVNTLTERGIEVVNATETVETTNIKKICTQ-GKRPTDLGQCGLLGTLIGPPQCDQFLEF-SSDLIIERREGTD-ICYPGRFTNEESLRQILRRSGGIGKESMG---FTY-S-GIRTNGATSACTR-SG-SSFYAEMKWLLSNSDNAAFPQMTKAYRNPRNKPALIIWGVHHSESVSEQTKLYGSGNKLITVRSSKYQQSFTPNPGAR--------RIDFHWLLLDPNDTVTFTFNGAFIAPDRTSFF---RGESLGVQSDAPLDSSCRGDCFHSGGTIVSSLPFQNINSRTVGKCPRYVKQKSLLLATGMRNVP--
4cyv,-DKICLGHHAVANGTIVKTLTNEQEEVTNATETVESTSLDRLCMK-GRSHKDLGNCHPIGMLIGTPACDLHLTG-TWDTLIERENAIA-YCYPGATVNEEALRQKIMESGGISKISTG---FTYGS-SINSAGTTKACMR-NGGNSFYAELKWLVSKSKGQNFPQTTNTYRNTDTAEHLIMWGIHHPSSTQEKNDLYGTQSLSISVGSSTYQSNFVPVVGARPQVNGQSGRIDFHWTLVQPGDNITFSHNGGLIAPSRVSKL---IGRGLGIQSDAPIDNNCESKCFWRGGSINTRLPFQNLSPRTVGQCPKYVNKKSLMLATGMRNVP--
4cyw,-DKICLGHHAVANGTIVKTLTNEQEEVTNATETVESTSLDRLCMK-GRSHKDLGNCHPIGMLIGTPACDLHLTG-TWDTLIERENAIA-YCYPGATVNEEALRQKIMESGGISKISTG---FTYGS-SINSAGTTKACMR-NGGNSFYAELKWLVSKSKGQNFPQTTNTYRNTDTAEHLIMWGIHHPSSTQEKNDLYGTQSLSISVGSSTYQSNFVPVVGARPQVNGQSGRIDFHWTLVQPGDNITFSHNGGLIAPSRVSKL---IGRGLGIQSDAPIDNNCESKCFWRGGSINTRLPFQNLSPRTVGQCPKYVNKKSLMLATGMRNVP--
4cyz,-DKICLGHHAVANGTIVKTLTNEQEEVTNATETVESTSLDRLCMK-GRSHKDLGNCHPIGMLIGTPACDLHLTG-TWDTLIERENAIA-YCYPGATVNEEALRQKIMESGGISKISTG---FTYGS-SINSAGTTKACMR-NGGNSFYAELKWLVSKSKGQNFPQTTNTYRNTDTAEHLIMWGIHHPSSTQEKNDLYGTQSLSISVGSSTYQSNFVPVVGARPQVNGQSGRIDFHWTLVQPGDNITFSHNGGLIAPSRVSKL---IGRGLGIQSDAPIDNNCESKCFWRGGSINTRLPFQNLSPRTVGQCPKYVNKKSLMLATGMRNVP--
4cz0,-DKICLGHHAVANGTIVKTLTNEQEEVTNATETVESTSLDRLCMK-GRSHKDLGNCHPIGMLIGTPACDLHLTG-TWDTLIERENAIA-YCYPGATVNEEALRQKIMESGGISKISTG---FTYGS-SINSAGTTKACMR-NGGNSFYAELKWLVSKSKGQNFPQTTNTYRNTDTAEHLIMWGIHHPSSTQEKNDLYGTQSLSISVGSSTYQSNFVPVVGARPQVNGQSGRIDFHWTLVQPGDNITFSHNGGLIAPSRVSKL---IGRGLGIQSDAPIDNNCESKCFWRGGSINTRLPFQNLSPRTVGQCPKYVNKKSLMLATGMRNVP--
4d00,PDKICLGHHAVANGTIVKTLTNEQEEVTNATETVESTGINRLCMK-GRKHKDLGNCHPIGMLIGTPACDLHLTG-MWDTLIERENAIA-YCYPGATVNVEALRQKIMESGGINKISTG---FTYGS-SINSAGTTRACMR-NGGNSFYAELKWLVSKSKGQNFPQTTNTYRNTDTAEHLIMWGIHHPSSTQEKNDLYGTQSLSISVGSSTYRNNFVPVVGARPQVNGQSGRIDFHWTLVQPGDNITFSHNGGLIAPSRVSKL---IGRGLGIQSDAPIDNNCESKCFWRGGSINTRLPFQNLSPRTVGQCPKYVNRRSLMLATGMRNVP--
